Influenza Virological Surveillance -> Guest user -> Number of influenza viruses detected -> A(H1N1)pdm09,,,,,,,,,,,,,,,,,,,,,,,,,,,,,,,,,,,,,,,,,,,,,,,,,,,,,,,,,,,,,,,,,,,,,,,,,,,,,,,,,,,,,,,,,,,,,,,,,,,,,,,,,,,,,,,,,,,,,,,,,,,,,,,,,,,,,,,,,,,,,,,,,,,,,,,,,,,,,,,,,,,,,,,,,,,,,,,,,,,,,,,,,,,,,,,,,,,,,,,,,,,,,,,,,,,,,,,,,,,,,,,,,,,,,,,,,,,,,,,,,,,,,,,,,,,,,,,,,,,,,
"(Periodicity: Week, Applied Time Period: from 1/2008 to 53/2012)",,,,,,,,,,,,,,,,,,,,,,,,,,,,,,,,,,,,,,,,,,,,,,,,,,,,,,,,,,,,,,,,,,,,,,,,,,,,,,,,,,,,,,,,,,,,,,,,,,,,,,,,,,,,,,,,,,,,,,,,,,,,,,,,,,,,,,,,,,,,,,,,,,,,,,,,,,,,,,,,,,,,,,,,,,,,,,,,,,,,,,,,,,,,,,,,,,,,,,,,,,,,,,,,,,,,,,,,,,,,,,,,,,,,,,,,,,,,,,,,,,,,,,,,,,,,,,,,,,,,,
,2008 week: 1,2008 week: 2,2008 week: 3,2008 week: 4,2008 week: 5,2008 week: 6,2008 week: 7,2008 week: 8,2008 week: 9,2008 week: 10,2008 week: 11,2008 week: 12,2008 week: 13,2008 week: 14,2008 week: 15,2008 week: 16,2008 week: 17,2008 week: 18,2008 week: 19,2008 week: 20,2008 week: 21,2008 week: 22,2008 week: 23,2008 week: 24,2008 week: 25,2008 week: 26,2008 week: 27,2008 week: 28,2008 week: 29,2008 week: 30,2008 week: 31,2008 week: 32,2008 week: 33,2008 week: 34,2008 week: 35,2008 week: 36,2008 week: 37,2008 week: 38,2008 week: 39,2008 week: 40,2008 week: 41,2008 week: 42,2008 week: 43,2008 week: 44,2008 week: 45,2008 week: 46,2008 week: 47,2008 week: 48,2008 week: 49,2008 week: 50,2008 week: 51,2008 week: 52,2009 week: 1,2009 week: 2,2009 week: 3,2009 week: 4,2009 week: 5,2009 week: 6,2009 week: 7,2009 week: 8,2009 week: 9,2009 week: 10,2009 week: 11,2009 week: 12,2009 week: 13,2009 week: 14,2009 week: 15,2009 week: 16,2009 week: 17,2009 week: 18,2009 week: 19,2009 week: 20,2009 week: 21,2009 week: 22,2009 week: 23,2009 week: 24,2009 week: 25,2009 week: 26,2009 week: 27,2009 week: 28,2009 week: 29,2009 week: 30,2009 week: 31,2009 week: 32,2009 week: 33,2009 week: 34,2009 week: 35,2009 week: 36,2009 week: 37,2009 week: 38,2009 week: 39,2009 week: 40,2009 week: 41,2009 week: 42,2009 week: 43,2009 week: 44,2009 week: 45,2009 week: 46,2009 week: 47,2009 week: 48,2009 week: 49,2009 week: 50,2009 week: 51,2009 week: 52,2009 week: 53,2010 week: 1,2010 week: 2,2010 week: 3,2010 week: 4,2010 week: 5,2010 week: 6,2010 week: 7,2010 week: 8,2010 week: 9,2010 week: 10,2010 week: 11,2010 week: 12,2010 week: 13,2010 week: 14,2010 week: 15,2010 week: 16,2010 week: 17,2010 week: 18,2010 week: 19,2010 week: 20,2010 week: 21,2010 week: 22,2010 week: 23,2010 week: 24,2010 week: 25,2010 week: 26,2010 week: 27,2010 week: 28,2010 week: 29,2010 week: 30,2010 week: 31,2010 week: 32,2010 week: 33,2010 week: 34,2010 week: 35,2010 week: 36,2010 week: 37,2010 week: 38,2010 week: 39,2010 week: 40,2010 week: 41,2010 week: 42,2010 week: 43,2010 week: 44,2010 week: 45,2010 week: 46,2010 week: 47,2010 week: 48,2010 week: 49,2010 week: 50,2010 week: 51,2010 week: 52,2011 week: 1,2011 week: 2,2011 week: 3,2011 week: 4,2011 week: 5,2011 week: 6,2011 week: 7,2011 week: 8,2011 week: 9,2011 week: 10,2011 week: 11,2011 week: 12,2011 week: 13,2011 week: 14,2011 week: 15,2011 week: 16,2011 week: 17,2011 week: 18,2011 week: 19,2011 week: 20,2011 week: 21,2011 week: 22,2011 week: 23,2011 week: 24,2011 week: 25,2011 week: 26,2011 week: 27,2011 week: 28,2011 week: 29,2011 week: 30,2011 week: 31,2011 week: 32,2011 week: 33,2011 week: 34,2011 week: 35,2011 week: 36,2011 week: 37,2011 week: 38,2011 week: 39,2011 week: 40,2011 week: 41,2011 week: 42,2011 week: 43,2011 week: 44,2011 week: 45,2011 week: 46,2011 week: 47,2011 week: 48,2011 week: 49,2011 week: 50,2011 week: 51,2011 week: 52,2012 week: 1,2012 week: 2,2012 week: 3,2012 week: 4,2012 week: 5,2012 week: 6,2012 week: 7,2012 week: 8,2012 week: 9,2012 week: 10,2012 week: 11,2012 week: 12,2012 week: 13,2012 week: 14,2012 week: 15,2012 week: 16,2012 week: 17,2012 week: 18,2012 week: 19,2012 week: 20,2012 week: 21,2012 week: 22,2012 week: 23,2012 week: 24,2012 week: 25,2012 week: 26,2012 week: 27,2012 week: 28,2012 week: 29,2012 week: 30,2012 week: 31,2012 week: 32,2012 week: 33,2012 week: 34,2012 week: 35,2012 week: 36,2012 week: 37,2012 week: 38,2012 week: 39,2012 week: 40,2012 week: 41,2012 week: 42,2012 week: 43,2012 week: 44,2012 week: 45,2012 week: 46,2012 week: 47,2012 week: 48,2012 week: 49,2012 week: 50,2012 week: 51,2012 week: 52
Afghanistan, , , , , , , , , , , , , , , , , , , , , , , , , , , , , , , , , , , , , , , , , , , , , , , , , , , , , , , , , , , , , , , , , , , , , , , , , , , , , , , , , , , , , , , , , , , ,0,0,1,53,31,0,20,4,0,1,7,1,0, ,2,3,0,0,0,0,0,0, ,0,0,0,0,0,0,0,0,0,0,0,0,0,0,0,1,0,0,0,0,0,0,0,0,0,0,0,0,0,0,0,0,0,0,0,0,0,0,0,0,0, , ,0,0,0,0,1,0,0,0,0,0,0,0,0,0,0,0,0,0, ,2,0,0,0,0,0,0,0, , ,0,0,0,0,0,0,0, , , , , , , , , , , , , , , , ,0,0,0,0,0,0,0,0,0,0,0,0,0,0,0,0,0,0,0,0,0, ,0, , , , , , , , , , , , , , , , , , , , , , , , , , , , , 
Albania, , , , , , , , , , , , , , , , , , , , , , , , , , , , , , , , , , , , , , , , , , , , , , , , , , , , , , , , , , , , , , , , , , , , , , , , , , , , , , , , , , , , , , , , , , , , , , , , , , , , , , , , , , , , , , , , , , , , , , , , , , , , , , , , , , , , , , , , , , , , , , , , , , , , , , ,0,0,0,0,1,1,3,13,21,18,10,21,10,1,0,2,0,0,0,0,0,0, , , , , , , , , , , , , , , , , , , , , , , , ,0,0, ,0,0,0,0,0,0,0,0,0,0,0,0,0,0,0,0,0,0,0,0,0,0,0,0,0, , , , , , , , , , , , , , , , , , , , , , , , ,0,0,0,0,0,0,0,0,0,0,0,0,0
Algeria, , , , , , , , , , , , , , , , , , , , , , , , , , , , , , , , , , , , , , , , , , , , , , , , , , , , , , , , , , , , , , , , , , , , , , , , , , , , ,0,2,3,0,2,5,1,3,7,4,7,4,0,0,0,2,1,2,13,25,5,17,53,93,70,0,93,49, ,37,16,0,1,0,2,0,0,0,0,0,0,0,0,0,0,0,0,1,0,0,0,0,0,0,0,0,0,0,0,0,0,0,0,0,0,0,0,0,0,0,0,0,0,1,0,0,2,0,1,0,1,1,9,11,21,9,15,13,18,36,56,13,11,8,5,4,0,0,0,0,0,0,0,0,0,0,0,0,0,0,0,0,0,0,0,0,0,0,0,0,0,0,0,0,0,0,0,0,0,0,0,0,0,0,0,0,0,0,0,0,0,0,0,0,1,0,0,0,0,0,0,0,0,0,0,0,0,0,0,0,0,0,0,0,0,0,0,0,0,0,0,0,0,0,0,0,0,1,0,0,0,2,3,5,9
Angola, , , , , , , , , , , , , , , , , , , , , , , , , , , , , , , , , , , , , , , , , , , , , , , , , , , , , , , , , , , , , , , , , , , , , , , , , , , , , , , , , , , , , , , , , , , , , , , , , , , , , , , , , ,0,0,0,0,0,0,0,0,0,0,0, ,0,0,2,0,0,3, ,0,0,0,0,0,0,0,0,0,0,0,0,0,0,0,0,0,0,0,0,0,0, ,0,0,0,0,0,0,0,0,0,0,0,0,0,0,0,0,0,0,0,0,0,0,0,0,0,0,0,0,0,0,0,0,0,0,0,0,0,0,0,0,0,0,0,0,0,0,0,0,0,0,0,0,0,0,0,0,0,0,0,0,0,0,0,0,0,0,0,0,0,0,0,0,0,0,0,0,0,0,0,0,0,0,0,0,0,0,0,0,0,0,0,0,0,0,0,0,0,0,0,0,0, , , , , , , , , , , , , 
Argentina,0,0,0,0,0,0,0,0,0,0,0,0,0,0,0,0,0,0,0,0,0,0,0,0,0,0,0,0,0,0,0,0,0,0,0,0,0,0,0,0,0, ,0,0,0,0,0, ,0,0,0,0,0,0,0,0,0,0,0,0,0,0,0, ,0,0,0,0,0,0,1,0,127,17,32,525,702,"2,125","3,092","1,485",667,216,137,89,65,75,53,12,20,9,9,3,5,9,3,2,2,6,9,3,3,7,2,2, ,1,5,4,1,1,0,0,0,0,0,0,2,1,0,1,0,0,4,5,0,0,1,0,0,0,1,3,0,3,0,0,0,0,0,1,0,0,0,0,0,1,0,0,0,0,0,0,0,0,0,0,0,3,1,0,0,0,0,0,0,1,0,0,0,0,0,0,0,0,0,2,1,6,12,20,33,29,15,10,3,6,3,2,7,5,2,10,12,22,15,2,8,4,4,3,1,0,2,0,0,0,0,0,0,0,0,0,1,0,0,0,1,4,0,0,0,0,0,0,1,0,0,0,0,0,0,4,0,1,1,3,20,18,31,29,36,52,61,77,69,46,39,13,14,6,4,3,0,0,1,0,0,0,0,0,0
Armenia, , , , , , , , , , , , , , , , , , , , , , , , , , , , , , , , , , , , , , , , , , , , , , , , , , , , , , , , , , , , , , , , , , , , , , , , , , , , , , , , , , , , , , , , , , , , , , , , , , , , , , , , , , , , , , , , , , , , , , , , , , , , , , , , , , , , , , , , , , , , , , , , ,0, , , ,0,0,0,0,0,0,0,0,0,0,0,0,0,0,0,0,1,0,3,5,1,4,0,0,0,0,0,0,0,0,0,0,0,0,0,0,0,0,0,0,0,0,0,0,0,0,0,0,0,0,0,0,0,0,0,0,0,0,0,0,0,0,0,0,0,0,0,0,0,0,0,0,0,0,0,0,0,0,0,0,0,0,0,0,0,0,0,0,0,0,0,0,0,0,0,0,0,0,0,0,0,0,0,0,0,0,0,0,0,0,0,0,0
Australia,0,0,0,0,0,0,0,0,0,0,0,0,0,0,0,0,0,0,0,0,0,0,0,0,0,0,0,0,0,0,0,0,0,0,0,0,0,0,0,0,0,0,0,0,0,0,0,0,0,0,0,0,0,0,0,0,0,0,0,0,0,0,0,0,0,0,0,0,0,0,0,0,1,0,19,69,71,80,128,456,636,751,558,579,474,175,128,109,57,28,26,17,16,5,2,4,4,5,3,4,6,4,3,0,0,2,1,0,0,1,1,0,2,1,0,1,1,0,0,1,2,1,0,0,1,2,2,0,2,7,16,13,14,13,26,29,20,36,49,51,47,30,62,46,41,20,25,26,18,11,5,5,3,3,2,4,3,3,7,3,3,3,1,11,5,5,4,1,1,4,1,0,2,1,2,1,2,1,1,3,7,11,11,16,46,42,60,49,67,58,51,61,47,46,57,47,20,16,14,2,4,0,0,1,0,0,0,1,0,0,0,0,2,0,0,2,1,2,0,2,0,0,0,3,3,1,1,1,2,1,2,1,1,2,5,11,4,7,5,9,6,3,6,4,1,2,0,0,0,2,0,0,0,0,1,0,2,3,0,2,1
Austria, , , , , , , , , , , , , , , , , , , , , , , , , , , , , , , , , , , , , , , , , , , , , , , , , , , , , , , , , , , , , , , , , , , , , , , , , , , , , , , , , , , , , , , , , , , , , , , , , , , , , , , , , , , , , , , , , ,0,0,0,0,0,0, ,0,0,0,0,0,0,0,0,0,0, , ,0,0,0,0,0,0,0,0,0,0,0,0,0,0,0,0,0,0,0,0,0,1,0,5,9,10,35,81,99,156,110,70,46,33,13,14,2,2,1,1,0,0,0,0,0,0,0,0,0,0,0,0,0,0,0,0,0,0,0,0,0,0,0,0,0,0,0,0,0,0,0,0,0,0,0,0,0,0,0,0,0,0,0,0,0,0,0,0,0,0,0,0,0,0,0,0,0,0,0,0,0,0,0,0,0,0,0,0,0,0,0,0,0,0,0,0,0,0,0,0,0,0,0,0,0,0,1,0,4
Azerbaijan, , , , , , , , , , ,0,0, , , , , , , , , , , , , , , , , , , , , , , , , , , , , , , , , , , , , , , , , , , , , , , , , , , , , , , , , , , , , , , , , , , , , , , , , , , , , , , , , , , , , , , , , , , , , , , , , , , , , , , , , , , , , , , , , , , , , , , , , , , , , , , , , , , , ,0, , , , ,0,0,0,0,0,0,0,0,0,0,0,0,0,0,0,0,0,0,0,0,0,0,0,0,0,0,0, ,0,0, ,0,0,0,0,0,0,0, ,0,0,0,0,0,0,0,0,0,0,0,0, ,0,0,0,0,0,0,0,0,0,0,0,0,0, ,0,0,0,0, ,0,0,0,0,0,0, ,0,0,0,0,0,0,0, ,0,0, ,0,0,0,0,0,0,0,0,0,0, ,0,0,0,0,0,0,0,0,0,0,0,0
Bahrain, , , , , , , , , , , , , , , , , , , , , , , , , , , , , , , , , , , , , , , , , , , , , , , , , , , , , , , , , , , , , , , , , , , , , , , , , , , , , , , , , , , , , , , , , , , , , , , , , , , , , , , , , , , , , , , , , , , , , , , , , , , , , , , , , , , , , , , , , , , , , , , , , , , , , , , , , , , , , , , , , , , , , , , , , , , , , , , , , , , , , , , , , , , ,0,0,0,0,0,0,0,0,0,0,0,0,0,0,0,0,0,0,0,0,0,0,0,0,0,0,0,0,1,0,0,1,0,0,0,0,0,0,0,0,0,1,0,0,0,0,0,0,0,0,0,1,0,0,0,0,0,1,1,1,0,2,1,6,1,2,5,2,1,4,2,5,3,3
Bangladesh, , , , , , , , , , , , , , , , , , , , , , , , , , , , , , , , , , , , , , , , , , , , , , , , , , , , , , , , , , , , , , , , , , , , , , , , , , , , , , , , , , , , , , , , , , , , , , , , , , , , , , , , , ,0,0,0,0,0,0,1,3,1,5,4,6,5,11,8,5,9,9,7,10,3,8,3,6,8,10,7,12,11,13,5,18,12,4,5,1,2,1,1,3,1,0,0,0,0,0,0,0,0,0,0,0,0,0,0,0,0,0,0,0,0,0,1,0,0,0,0,0,0,0,0,0,0,2,0,2,0,1,1,2,0,0,0,2,2,0,0,0,0,0,0,0,0,0,0,0,0,0,0,0,0,0,0,0,1,0,0,0,0,1,0,5,6,21,11,33,26,24,24,23,16,9,19,10,10,5,4,5,0,1,5,4,2,1,3,4,0,1,10,7,10,0,11,2,6,4,8,2,3,2,0,1,0,0,1,1
Belarus, , ,0,0,0,0, , ,0, ,0, , , , , , , , , , , , , , , , , , , , , , , , , , , , , , , , ,0,0, , ,0,0,0, , , , , ,0,0,0,0,0,0,0,0,0,0,0, , , , , , , , , , , , , , , , , , , , , , , , , , , , , , , , , , , , , , , , , , , , , , , , , , , , , , , , , , , , , , , , , , , , , , , , , , , , , , ,0, , , ,0,0,0,0,0,0,1,0,0,0,9,14,60,143,122,167,164,88,74,41,16,4,7,3,1,0,0,0,0,0,0,0,0,0,0,0,0,0,0,0,0,0,0,0,0,0, ,0,0,0,0,0,0,0,0,0,0,0,0,0,0,0,1,0,0,0,0,0,0,0,0,0,1,0,0,1,0,0,0,0,0,0,0,0,0,0,0,0,0,0,0,0,0,0,0,0,0,0,0,0,0,0,0,0,0,0,0,0,0,0,1,0,0
Belgium,0,0,0,0,0,0,0,0,0,0,0,0,0,0,0,0,0,0,0,0,0,0,0,0,0,0,0,0,0,0,0,0,0,0,0,0,0, , ,0,0,0,0,0,0,0,0,0,0,0,0,0,0,0,0,0,0,0,0,0,0,0,0,0,0,0,0,0,0,0,0,0,0,0,0,0,10,15,17,61,16,7,14,15,14,18,7,5,10,15,22,46,85,178,285,164,150,114,74,37,34,29,21,10,3,2,7,5,2,2,3,1,1,0,0,2,0,0,0,0,0,0,0,0,0,0,0,0,0, , , , , ,0,0, , , ,0,0,0,0,0,0,0,0,0,0,0,1,0,1,4,11,14,25,36,39,43,39,29,28,13,0,0,0,0,0,0,0,0,0,0,0,0,0,0,0,0,0,0,0,0,0,0,0,0, , , , ,0,0,0,0,0,0,0,0,0,0,1,0,0,0,0,0,0,0,0,0,0,20,24,8,0,0,0,0,0,0,0,0,0,0,0,0,0,0,0,0, , , , , , , , , , , ,0, , , , ,0,0,0,0,0,2,0,0,0,3,3,2,2
Bhutan, , , , , , , , , , , , , , , , , , , , , , , , , , , , , , , , , , , , , , , , , , , , , , , , , , , , , , , , , , , , , , , , , , , , , , , , , , , , , , , , , , , , , , , , , , , , , , , , , , , , , , , , , , , , , , , , , , , , , , , , , , , , , , , , , , , , , , , , , , , , , , , , , , , , , , , , , , , , , ,0,0,0,0,0,0,0,0,0,0,0,0,0,0,12,9,2,8,3,2,1,0,0,0,0,0,0,0,1,0,0,0,0,0,0,0,0,0,0,0,0,0,0,0,0,0,0, ,0,0,0,0,0,0,0,0,0,2,0,0,0, ,1,2,1,2,0,8,2,1,0,0,0,0,0,0,0,0,0,1,4,1,2,15,2,15,13,6,1,0,1,2,1,2,0,0,1,0,0,0,0,0,0,0
Bolivia, , , , , , , , , , , , , , , , , , , , , , , , , , , , , , , , , , , , , , , , , , , , , , , , , , , , , , , , , , , , , , , , , , , , , , , , , , , , , , , , , , , , , , , , , , , , , , , , , , , , , , , , , ,0,0,0,0,0,0,0,1,0,3,1,0,1,0,0,0,1,0,0,0,0,0,0,0,0,3,3,9,24,79,105,59,31,22,15,7,5,5,5,4,2,1,1,0,0,0,0,0,0,0,0,0,0,1,0,0,0,0,1,0,0,0,0,0,0,0,0,0,0,0,3,1,1,0,0,0,0,0,2,1,2,3,4,20,12,8,18,9,62,94,357,69,84,53,36,52,21,9,7,0,1,5,3,2,1,0,0,0,1,1,6,5,8,12,23,16,15,17,5,12,7,14,10,16,58,116,179,184,116,79,69,16,8,10,5,4,8,3,1,2,0,1,0,3,1,0,3,2,0,0,0,0,0,0,0,0
Bosnia and Herzegovina, , , , , , , , , , , , , , , , , , , , , , , , , , , , , , , , , , , , , , , , , , , , , , , , , , , , , , , , , , , , , , , , , , , , , , , , , , , , , , , , , , , , , , , , , , , , , , , , , , , , , , , , , , , , , , , , , , , , , , , , , , , , , , , , , , , , , , , , , , , , , , , , , , , , , , ,0,0,0,0,0,0,0,34,52,51,72,70,71,43,14,17,6,4,0,0,0,0,0,0,0,0,0,0,0,0,0,0,0,0,0,0,0,0,0,0,0,0,0,0,0,0,0,0,0,0,0,0,0,0,0,0,0,0,0,0,0,0,0,0,0,0,0,0,0,0,0,0,0,0,0,0,0,0,0,0,0,0,0,0,0,0,0,0,0,0,0,0,0,0,0,0,0,0,0,0,0,0,0,0,0,0,0,0,0,0,0
Brazil,0,0,0,0,0,0,0,0,0,0,0,0,0,0,0,0,0,0,0,0,0,0,0,0,0,0,0,0,0,0,0,0,0,0,0,0,0,0,0,0,0,0,0,0,0,0,0,0,0,0,0,0,0,0,0,0,0,0,0,0,0,0,0,0,0,0,0,0,0,1,5,0,2,12,17,0,85,322,70,16,36,51,35,49,79,81,79,114,81,47,53,40,38,49,44,26,30,33,23,18,16,4,5,5,11,3,16,28,14,11,14,12,13,59,83,76,56,46,31,37,17,15,15,8,6,5,7,6,10,15,12,5,5,1,4,0,0,0,0,0,0,0,1,1,0,0,6,2,0,1,0,0,0,0,0,0,0,0,1,0,0,0,0,0,0,0,0,0,0,0,0,3,6,4,1,7,6,2,11,12,10,21,14,14,11,11,12,7,0,4,1,2,2,2,3,4,9,6,3,17,3,3,7,18,9,4,3,0,0,2,4,4,7,4,6,5,5,13,15,23,23,9,7,6,9,20,5,11,18,14,31,11,29,51,54,57,58,53,48,29,9,11,14,5,4,6,2,7,2,7,14,2,4,3,1,0,0,0,0,0,0
Bulgaria,0,0,0,0,0,0,0,0,0,0,0,0,0,0,0,0,0,0,0, , , , , , , , , , , , , , , , , , , , , ,0,0,0,0,0,0,0,0,0, , , , , , , , , , , , , , , , , , ,0,0,0,0,0,0,1,1,0,0,6,4,3,7,11,3,10,10,9,0,1,2,4,4,12,24,19,33,137,193,145,92,22,19,16,12, , ,2, , , , , , , ,0,0,0,0,0,0,0,0,0,0,0,0,0, ,0, ,0,0,0,0,0,0, ,0,0,0,0,0,0,0,0,0,0,0,0,0,0,0,0,0,0,0,0,0,0,0,0,0,0,0,0,0,9,0,0,0,0,0,0,0,0,0,0,0,0,0,0,0,0,0,0,0,0,0,0,0,0,0, ,0,0,0,0,0,0,0,0,0,0,0,0,0,0,0,0,0,0,0,0,0,0,0,0,0,0,0,0,0,0,0,0,0,0,0,0,0,0,0,0,0,0,0,0,0,0,0,0,0,0,0,0,0,0,0,0,0,0,0,0,0,0,0,0,0,0,0,0,0
Burkina Faso, , , , , , , , , , , , , , , , , , , , , , , , , , , , , , , , , , , , , , , , , , , , , , , , , , , , , , , , , , , , , , , , , , , , , , , , , , , , , , , , , , , , , , , , , , , , , , , , , , , , , , , , , , , , , , , , , , , , , , , , , , , , , , , , , , , , ,0,0,0,0, , , , , , , , , , , , , , , , , , , , , , , , , , , , , , , , , , , , , , , , , , , , , , , , ,0,0,0,0,0,0,0,0,0,0,0,0,0,0,0,0,0,0,0, , , , , , ,0,0,0,0,0,0,0,0,0,0,0,0,1,0,1,0,0,0,0,0,0,0,0,1,0,0,0,0,0,0,0,0,0,0,0,0,1,0,0,0,0,0,0,0,0,0,0,0,0,0,0,0
Cambodia,0,0,0,0,0,0,0,0,0,0,0,0,0,0,0,0,0,0,0,0,0,0,0,0,0,0,0,0,0,0,0,0,0,0,0,0,0,0,0,0,0,0,0,0,0,0,0,0,0,0,0,0,0,0,0,0,0,0,0,0,0,0,0,0,0,0,0,0,0,0,0,0,0,0,0,0,0,6,2,4,7, ,3,2,2,4,12,13,24,16,32,24,36,47,37,13,36,12,21,13,14,10,5,2, ,3,6,2,1,0,1,1,2,2,0,1,7,0,0,0,0,0,0,0,0,0,0,1,2,1,10,13,15,22,16,9,6,5,4,3,8,37,26,37,24,19,21,24,18,9,6,11,3,6,5,1,1,0,0,0,0,1,1,0,1,0,0,1,0,1,0,0,0,1,0,2,1,1,2,5,1,5,6,3,2,5,3,9,7,8,8,21,19,5,19,24,6,41,41,45,35,14,13,6,5,4,1,0,0,0,0,0,0,0,0,1,0,0,0,0,0,0,0,0,0,0,0,0,0,0,0,0,0,0,0,0,0,0,0,0,0,0,0,0,1,0,0,1,1,0,0,0,3,2,1,1,2,2,1,1,0
Cameroon,0,0,0,0,0,0,0,0,0,0,0,0,0,0,0,0,0,0,0,0,0,0,0,0,0,0,0,0,0,0,0,0,0,0,0,0,0,0,0,0,0,0,0,0,0,0,0,0,0,0,0,0,0,0,0,0,0,0,0,0,0,0,0,0,0,0,0,0,0,0,0,0,0,0,0,0,0,0,0,0,0,0,0,4,0,0,0,0,0, , , , , , , , , , , , ,0,0,0, ,1,0,0,0,3,6,1,4,2,2,2,5,3,4,1,0,1,0,0,0,0,0,2,0,0,0,0,0,0,0,0,0,0,0,1,1,1,0,0,2,1,1,4,16,18,18,24,20,13,5,4,0,3,3,7,5,7,1,2,1,4,3,3,0,1,1,2,0,0,0,0,0,0,0,0,0,0,0,0,1,1,0,3,5,4,5,4,4,3,9,2,6,8,11,4,9,5,1,2,1,0,1,0,0,0,0,1,0,0,0,0,0,0,0,0,0,0,0,0,0,0,0,0,0,0,0,0,0,0,0,0,0,0,0,0,0,0,0,0,0,0,0,0,0,0,0,0,0,0,0,0,0,0,0,0,0
Canada,0,0,0,0,0,0,0,0,0,0,0,0,0,0,0,0,0,0,0,0,0,0,0,0,0,0,0,0,0,0,0,0,0,0,0,0,0,0,0,0,0,0,0,0,0,0,0,0,0,0,0,0,0,0,0,0,0,0,0,0,0,0,0,0,0,0,0,0,0,0,0,47,280,65,509,"1,917","1,768",697,456,431, , , , , , , ,56,38,98,164,214,269,"1,335","3,822","7,106","7,255","6,247","3,859","1,813",696,263,114,39,28,29,12,7,7,7,3,3,5,1,4,7,3,4,3,0,2,4,1,0,1,1,0,1,0,0,6,0,1,0,0,0,0,0,0,0,0,0,0,1,0,1,0,0,0,0,1,0,5,5,15,15,29,44,76,98,55,94,95,90,79,66,76,54,35,23,13,17,3,3,4,2,1,2,2,1,2,0,0,0,0,0,0,0,0, ,0,0,0,0,0,0,0,0,0,0,0,0,1,1,1,0,3,0,1,8,9,9,27,24,31,37,49,110,89,109,98,83,50,52,38,32,21,14,13,2,13,2,3,0,0,0,0,1,0,0,0,0,1,0,0,0,1,0,3, ,1,0,0,6,5,3,4,14,18,1,18
Cape Verde, , , , , , , , , , , , , , , , , , , , , , , , , , , , , , , , , , , , , , , , , , , , , , , , , , , , , , , , , , , , , , , , , , , , , , ,0,0,0,0,0,0,3,0,0,1,1,1,5,21,4,1,11,8,7,4,4,6,7,0,2,1,9,11,6,4,2,1,2,1,0,1,0,0,0, , , , , , , , , , , , , , , , , , , , , , , , , , , , , , , , , , , , , , , , , , , , , , , , , , , , , , , , , , , , , , , , , , , , , , , , , , , , , , , , , , , , , , , , , , , , , , , , , , , , , , , , , , , , , , , , , , , , , , , , , , , , , , , , , , , , , , , , , , , , , , , , , , , , , , , , 
Central African Republic, , , , , , , , , , , , , , , , , , , , , , , , , , , , , , , , , , , , , , , , , , , , , , , , , , , , , , , , , , , , , , , , , , , , , , , , , , , , , , , , , , , , , , , , , , , , , , , , , , , , , , , , , ,0,0,0,0,0,0,0,0,0,0,0,0,0,0,0,0,0,0,0,0,0,0,0,0,0,0,0,0,0,1,0,0,0,0,0,1,1,0,0,1,1,0,1,0, , ,0,0,0,0,0,0,0,0,0,0,0,0,0,0,0,0,0,0,0,0,0,0,0,0,0,0,0,0,0,0,0,0,0,0,0,0,0,0,0,0,0,0,0,0,0,0,0,0,0,0,0, , , , , , , ,0,0,0,0,0,0,0,0,0,0,0,0,0,0,0,0,0,0,0,0,0,0,0,0,0,0,0,0,0,0,0,0,0,0,0,0,0,0,0,0,0,0,0,0,0,0,0,0,0,0,0,0
Chile,0,0,0,0,0,0,0,0,0,0,0,0,0,0,0,0,0,0,0,0,0,0,0,0,0,0,0,0,0,0,0,0,0,0,0,0,0,0,0,0,0,0,0,0,0,0,0,0,0,0,0,0,0,0,0,0,0,0,0,0,0,0,0,0,0,0,0,0,0,0,0,5,109,261,279,257,353,511,614,652,494,160,78,45,16,8,8,7,1,0,1,4,0,2,0,3,3,4,7,2,10,0,2, , ,3,0,0,0,0,0,1,3,0,4,0,2,5,2,3,3,6,12,9,6,7,11,13,24,20,31,40,45,33,36,34,51,64,46,52,19,7,13,3,1,1,0,0,0,0,0,2,0,0,0,0,0,1,0,0,1,1,1,0,0,0,0,1,2,0,2,0,1,0,0,0,4,7,4,8,9,17,15,48,70,71,82,83,101,81,64,51,31,19,11,13,8,3,3,3,0,1,1,1,0,0,1,0,0,0,0,0,0,1,0,0,0,0,0,0,1,0,0,0,0,0,0,0,0,0,0,1,0,1,0,1,4,0,0,0,0,0,0,0,0,1,0,0,0,0,0,0,0,0,0,0,0,0,0,1,0
China,0,0,0,0,0,0,0,0,0,0,0,0,0,0,0,0,0,0,0,0,0,0,0,0,0,0,0,0,0,0,0,0,0,0,0,0,0,0,0,0,0,0,0,0,0,0,0,0,0,0,0,0,0,0,0,0,0,0,0,0,0,0,0,0,0,0,0,0,0,1,0,2,4,16,15,29,220,378,258,317,562,901,"1,391",25,"1,496","2,124","2,631","2,710","4,142","4,242","5,383","2,027","1,097","1,901","2,271","3,028","4,394","2,896","5,087","3,808","3,007","3,511","2,812","2,268","1,678","1,218",927,638,459,299,180,71,102,189,209,159,153,97,51,47,40,36,40,51,27,28,22,31,15,24,32,55,66,77,60,92,110,69,72,59,42,25,29,16,25,12,22,43,8,5,13,21,25,22,42,127,203,455,859,"1,399","1,653","1,261","1,308","1,198",796,604,386,182,77,48,15,16,11,8,1,1,1,0,0,3,3,0,0,5,5,3,2,1,5,2,0,3,3,3,2,1,4,3,2,0,3,1,10,3,0,1,7,15,0,1,2,2,4,1,5,12,3,3,5,13,5,8,10,13,13,16,11,3,5,3,5,2,0,4,4,2,2,2,4,2,0,0,1,0,3,1,0,0,3,2,1,0,1,3,2,10,1,12,39,70,38
Colombia,0,0,0,0,0,0,0,0,0,0,0,0,0,0,0,0,0,0,0,0,0,0,0,0,0,0,0,0,0,0,0,0,0,0,0,0,0,0,0,0,0,0, , , , , , , , , , ,0,0,0,0,0,0,0,0,0,0,0,0,0,1,1,3,8,7,3,4,11,16,30,32,30,45,36,24,15,40,41,55,60,95,178,198,194,190,155,80,56,44,51,53,59,43,7,11,17,14,28,36, ,33,36,14,9,7,6,7,5,4,4,9,1,4,2,8,5,7,1,7,6,13,35,31,19,27,25,21,25,14,13,15,9,6,14,3,10,13,7,10,7,1,1,0,4,4,14,11,1,8,5,5,7,5,4,0,2,3,1,0,3,1,2,1,2,1,4,2,3,6,3,15,14,26,17,18,23,13,16,14,25,24,12,8,14,3,5,12,2,1,1,2,1,5,5,0,3,2,6,5,5,5,6,12,15,21,7,6,11,7,7,3,1,1,1,0,0,0,15,23,4,0,4,4,4,3,4,2,3,2,2,0,0,0,0,0,0,0,0,1,1,1,0,0,0,0,0,1,0,0,0,1,0,1,0,8,0
Congo, , , , , , , , , , , , , , , , , , , , , , , , , , , , , , , , , , , , , , , , , , , , , , , , , , , , , , , , , , , , , , , , , , , , , , , , , , , , , , , , , , , , , , , , , , , , , , , , , , , , , , , , , , , , , , , , , , , , , , , , , , , , , , , , , , , , , , , , , , , , , , , , , , , , , , , , , , , , , , , , , , , , , , , , , , , , , , , , , , , , , , , , , , , , , , , , , , , , , , , , , , , , , , , , , , , , , , , , , , , , , , , , , , , , , ,0,0,0,0,0,0,0,0, , , , , , , , , , , , , , , , , , , , , , , , 
Costa Rica,0,0,0,0,0,0,0,0,0,0,0,0,0,0,0,0,0,0,0,0,0,0,0,0,0,0,0,0,0,0,0,0,0,0,0,0,0,0,0,0,0,0,0,0,0,0,0,0,0,0,0,0,0,0,0,0,0,0,0,0,0,0,0,0,0,0,0,1,0,0,0,0,0,0, , , , , , , , , , , , , , , , , , , , , , , , , , , , , , , ,48,28,20,19,8,13,9,85,15,19,13,14,9,20,19,12,3,14,14,17,19,50,56,36,65,46,24,15,25,14,2,5,0,0,0,0,0,0,0,0,0,0,0,0,0,0,0,0,0,0,0,0,0,0,0,0,0,1,0,0,0,0,0,0,0,0,0,0,1,0,0,7,2,0,0,0,0,0,0,0,1,0,0,0,0,0,0,0,0,1,0,0,0,1,0,2,5,5,3,1,8,2,5,0,7,4,7,1,3,0,0,1,0,0,0,0,0,0,0,0,0,0,0,0,0,0,0,0,0,1,1,0,0,0,1,0,0,0,0,1,0,1,0,0,0,2,1,1,0,2,3,0,0,0,0,1
Croatia,0,0,0,0,0,0,0,0,0,0,0,0,0,0,0,0,0, , , , , , , , , , , , , , , , , , , , , , , , , , , , , , , , ,0,0,0,0,0,0,0,0,0,0,0,0,0,0,0,0, , ,0,0,0,0,0,0,0,0,0,0,0,1,6,19,21,8,14,9,16,19,39,36,12,6,8,2,5,27,65,133,138,325,257,162,69,30,23,31,24,8,12,4,5,1,4,0,1,0,0,0,0,0,0,0,0,0,0,0,0,0,0,0,0,0,0,0,0,0,0,0,0,0,0,0,0,0,0,0,0,0,0,0,0,0,0,0,0,3,23,131,131,211,257,280,198,124,116,83,37,48,16,6,3,0,0,0,0,0,0, , , , , , , , , , , , , , , , , , , , ,0,0,0,0,0,0,0,0,0,0,0,0,0,0,0,0,0,0,0,0,0,0,0,0,0,0,0,0,0,0,0,0,0,0, , , , , , , , , , , , , , , , , , ,0,0,0,0,0,0,0,0,0,0,2,0,0
Cuba, , , , , , , , , , , , , , , , , , , , , , , , , , , , , , , , , , , , , , , , , , , , , , , , , , , , ,0,0,0,0,0,0,0,0,0,0,0,0,0,0,0,0,0,3,1,0,0,1,8,26,42,40,46,40,32,32,34,22,19,46,20,3,10,13,110,71,104,51,47,48,26,12,15,11,7,1,2,0, ,5,4,3,3,7,5,4,15,10,10,21,35,66,83,93,61,61,59,71,42,42,17,30,9,25,5,11,8,3,8,11,10,14,1,0,0,0,1,0,0,0,0,0,0,1,0,0,0,0,0,0,0,0,1,0,2,0,0,1,1,1,0,1,0,0,0,0,0,0,0,0,0,0,0,0,0,0,1,0,0,0,0,0,0,0,0,0,0,5,0,0,0,0,0,0,0,0,0,0,0,0,0,0,0,0,0,0,0,0,0,0,0,0,1,5,0,0,0,0,0,0,0,2,2,0,0,3,1,0,2,3,3,0,1,5,2,4,1,6,1,1,8,4,6,7,0,2,2,6,5,5,8,3,0,2, 
Czech Republic,0,0,0,0,0,0,0,0,0,0,0,0,0,0,0,0,0,0,0, , , , , , , , , , , , , , , , , , , , , , , , , , , , , , , ,0,0,0,0,0, , , , , , , , , , , , ,0,0,0,0,0,1,0,2,1, , , , , , , , , , , , ,4, ,0,4, ,5,17,45,90,85,89,186,126,125,75, , , ,23, , , , , , ,0,1,0, ,0,0,0,0,0,1,0,0, , , , , , , , , ,0, , , , , , , , , , , ,0,0,2,7, ,0, , , , ,2,8,5,17,23,32,39,29,23,12,13,4,5,2,0,1, ,0, , , , , , , , , , , , , , , , , , , , , , , , , ,2,0, , ,0,1,3,0, ,0,0,1,0,0,0,0,0,1,0,0,1,0,0, ,0,0,0,0, , , , , , , , , , , , , , , , , , , , , ,0,0, ,0,0,0,2,0, ,0,3,9,8
Côte d'Ivoire , , , , , , , , , , , , , , , , , , , , , , , , , , , , , , , , , , , , , , , , , , , , , , , , , , , , ,0, ,0,0,0,0,0,0,0,0,0,0,0,0,0,0,0,0,0,0,0,0,0,0,1,1,0,0,0, , ,0,0,0,0,0,0,0,0,0,0,0,1, , , , , , , , , , ,0,1,0,0,1,1,0,1,1,2,2,18,4,3,0,1,0,0,0,0,0,3,0,2,0,1,0,0,1,0,0,1,4, ,0,1,0,1,0,0,1, ,2,2,2,0,1,0, , , , ,0,0,1,0,0,0,4,1,0, , , , , , , , , , ,0,3,1,6,9,8,3,15,11,9,0,4,2,0,4,9,0,2,1,0,2,0,26,9,1,3, , , , , , , ,0,2,8,2,1,6,18,9,2,6,14,3,0,0,0,0,0,2,0,1,0,0,0,2,0,3,2,4,6,4,3,2,0,1,0,0,0,0,0,1,1,2,1,1,3,0,1,0,0,1,2,1
Democratic Republic of the Congo, , , , , , , , , , , , , , , , , , , , , , , , , , , , , , , , , , , , , , , , , , , , , , , , , , , , , , , , , , , , , , , , , , , , , , , , , , , , , , , , , , , , , , , , , , , , , , , , , , , , , , , , , ,0,0,0,0,0,0,0,0,0,0,0,1,1,0,0,0,0,0,0,0,0,0,0,0,0,0,0,0,0,0,0,0,0,0,0,0,0,0,0,0,0,0,0,0,0,0,3,2,0,0,4,3,3,7,4,6,3,6,6,2,1,1,0,0,1,0,0,0,0,0,0,0,0,0,0,12,0,0,0,0,0,0,0,0,0,0,0,0,0,0,0,0,0,0,0,0,0, , , , , , , ,0,0,0,0,0,0,0,0,0,0,0,0,0,0,0,0,0,0,0,0,0,1,0,0,0,1,2,0,0,0,1,0,0,0,0,0,0,0,0,0,0,0,0,1,1,1,6,5,10,14,18,5
Denmark,0,0,0,0,0,0,0,0,0,0,0,0,0,0,0,0,0,0,0, , , , , , , , , , , , , , , , , , , ,0,0,0,0,0,0,0,0,0,0,0,0,0,0,0,0,0,0,0,0,0,0,0,0,0,0,0,0,0,0,0,1, ,0,0,1,7,0,17,19,18,18,88,88,114,79,57,59,19,20,17,21,3,8,19,38,51,219,306,392,168,126,70,71,24, ,17,8,2,3,4,6,1,2,2,0,1,3,1,1,0,0,0,0,0,0,0,0,0,0,0,0,0,0,0,0,0,0,0,0,0,0,0,0,0,0,0,0,0,0,0,0,1,0,1,5,7,12,10,42,79,88,63,30,52,24,14,13,4,5,6,1,1,0,1,1,0,0,1,0,0,0,1,0,0,0,0,0,0,0,0,0,0, , ,0, , ,0,0,0,0,0,0,0,0,0,0,0,0,0,0,0,0,0,0,0,0,0,1,0,1,1,0,0,0,0,0,0,0,0,0,0,0,0,0,0,0,0,0,0,0,0,0,0,0,0,0,0,0,0,0,0,0,0,2,0,1,1,0,1,2,0
Dominican Republic,0,0,0,0,0,0,0,0,0,0,0,0,0,0,0,0,0,0,0,0,0,0,0,0,0,0,0,0,0,0,0,0,0,0,0,0,0,0,0,0,0,0,0,0,0,0,0,0,0,0,0,0,0,0,0,0,0,0,0,0,0, , , , , , , , , , , , , , , , , , , , , , , , , , , , , , , , , , , , , , , , , , , , ,0,0,0,0,0,0,0,0,0,0,0,0,0,0,0,0,0,0,0,0,0,0,0,0,0,0,0,0,0,0,0,0,0,0,0,0,0,0,0,0,0,0,0,0,0,0,0,0,0,0,0,0,0,0,0,0,0,0,0,0,0,0,0,0,3,5,11,2,5,6,8,4,2,0,4,7,13,7,6,14,6,0,1,1,0,1,1,1,0,1,0,0,1,6,0,0,1,0,0,1,0,0,0,2,0,0,0,0,0,0,0,0,3,1,1,0,3,0,1,0,0,0,0,1,1,2,1,0,0,0,4,0,0,0,0,1,0,0,0,0,0,0,0,0,0,0,0,0,0,0,0,0,0,0,0,0
Ecuador, , , , , , , , , , , , , , , , , , , , , , , , , , , , , , , , , , , , , , , , , , , , , , , , , , , , , ,0,0,0,0,0,0,0,0,0, ,0,0, , , , , ,0,1,24,17,19,25,5,42,75,132,125,137,91,54,85,100,46,75,47,67,75, , , , , , , , , ,36,24, , , ,18,22,40,37,44,36,31,37,25,28,15,6,2,4,2,1,4,3,0,5,2,1,4,4,2,0,0,0,0,0,1,0,0,0,0,0,0,0,0, , , , , , ,0,0,0,0,4,25,27,85,59,32,26,19,13,13,0,0,0,1,0,0,0,0,0,0,0,0,0,0,0,0,0,0,0,0,0,0,0,0,0,0,0,0,0,1,0,1,1,1,2,2,1,1,3,3,4,6,3,7,1,7,9,7,3,4,5,4,1,3,0,0,1,1,0,0,0,0,0,0,0,0,0,0,0,0,0,0,0,1,0,0,0,0,0,0,0,0,0,0,0,0,0,0,0,0,0,0,0,0,1,1,1
Egypt,0,0,0,0,0,0,0,0,0,0,0,0, ,0,0,0, , , , , , , , , , , , , , , , , , , , , , , , , , ,0,0,0,0,0,0, , ,0,0,0,0,0,0,0,0,0,0,0,0,0,0,0,0,0,0,0,0,0,0,0,0,1,13,17,22,17,15,18,69,80,88,111,116,132,31,24,10,36,31,36,38,81,113,470,835,337,331,330,582,869,948,586,735,387,192,77,52,44,25,11,6,6,3,3,5,3,2,2,2,9,2,1,0,3,4,1,3,0,0,0,1,1,0,0,0,0,0,0,0,0,0,0,0,1,5,14,19,20,19,40,72,142,364,510,458,284,157,66,2,16,0,1,1,0,0,0,0,0,0,0,0,0,0,0,0,0,0,0,0,0,0,0,0,0,0,0,0,0,0,0,0,0,1,0,0,0,0,0,0,0,0,0,0,0,0,0,0,0,0,0,0,0,0,0,0,0,0,0,0,0,0,0,0,0,0,0,0,0,0,0,0,1,0,0,0,0,0,0,0,0,0,0,0,0,0,0,0,0,0,0,1,1,4,0,1,0,1,1
El Salvador,0,0,0,0,0,0,0,0,0,0,0,0,0,0,0,0,0,0,0,0,0,0,0,0,0,0,0,0, , , , , , , , , , , , , , , , , , , , , , , , ,0,0,0,0,0,0,0,0,0,0,0,0,0,0,0,0,4,1,1,21,19,34,69,102,44,62,67,57,81,52,49,17,6,12,7,11,3,6,4,10,9,14,5,7,0, , , , , , , , ,1,0,0,1,0,0,0,0,0,0,0,0,0,0,2,0,0,0,0,0,1,0,0,3,1,1,5,2,1,0,0,0,0,0,0,1,0,0,0,0,0,0,0,0,0,0,0,0,0,0, , ,0,1,0,0,0,0,0,0,0,0,2,0,0,0,0,0,0,0,0,0,0,0,0,0,0,0,0,0,0,0,0,0,0,0,0,0,0,0,0,0,3,1,0,0,0,0,0,0,0,0,0,0,0,0,0,0,0,0,0,1,1,1,0,2,6,1,3,3,4,13,5,11,9,28,22,28,17,20,19,2,2,0,2,0,1,1,1,0,1,0,0,0,0,0,0,0,0,0,0,0,0,0,0,0
Estonia,0,0,0,0,0,0,0,0,0,0,0, , , , , , , , ,0,0,0,0,0,0,0,0,0,0,0,0,0,0,0,0,0,0,0,0,0,0,0,0,0,0,0,0,0,0,0,0,0,0,0,0,0,0,0,0,0,0,0,0,0,0,0,0,0,0,0,0,0,0,1,3,0,1,8,0,2,7,12,6,10,6,1,4,3,2,2,0,0,0,0,2,16,63,69,72,92,127,80,106,59,34,35,24,20,9,11,12,2,2,2,1,0,0,0,0,1,2,0,1,0,0,0,0,0,0,0,1,0,0,0,0,0,0,0,0,0,0,0,0,0,0,0,0,0,0,0,0,0,1,2,0,5,4,20,73,115,123,64,70,36,20,36,13,2,4,4,2,1,1,0,0,1,0,0,0,0,0,0,0,0,0,0,0,0,0,0,0, ,0,0,0,0,0,0,0,0,0,0,0,0,0,0,0,0,0,0,0,0,0,0,0,0,0,0,0,0,0,0,0,0,0,0,0,0,0,0,0, ,0, ,0, ,0, ,0, ,0, ,0, ,0, ,0, ,0,0,0,0,0,0,0,0,0,0,0,1,0
Ethiopia, , , , , , , , , , , , , , , , , , , , , , , , , , , , , , , , , , , , , , , , , , , , , , , , , , , , , , , , , , , , , , , , , , , , , , , , , , , , , , , , , , , , , , , , , , , , , , , , , , , , , , , , , ,0,2,7,1,0,2,0,0,0,0,1,0,0,0,0,0,0,0,0,0,0,0,0,0,0,0,0,0,0,0,0,0,0,0,0,0,0,0,0,0,0,2,0,0,18,0,0,0,0,0,0,0,0,0,0,0,0,0,0,1,0,0,0,0,0,0,0,0,0,0,0,0,0,0,0,0,0,0,0,0,0,0,0,0,0,0,0,0,0,0,0,0,0,0,0,0,0,0, , , , , , ,0,0,0,0,0,0,0,0,0,0,1,0,2,6,4,0,3,0,0,3,2,2,1,2,0,0,4,4,2,0,0,0,2,0,0,1,3,2,5,10,6,6,18,0,21,18,10,8,3,3,5,3
Fiji, , , , , , , , , , , , , , , , , , , , , , , , , , , , , , , , , , , , , , , , , , , , , , , , , , , , , , , ,0,0,0,0,0,0,0,0,0,0,0,0,0,0,0,0,0,0,0,0,1,6,8,52,93,46,2,3,3,1,3,3,0,0,0,1,0,0,0,0,0,0,0,0,0,0,0,0,0, ,0,0,0,0,0,0,0,0,0,0,0,0,0,0,0,0,0,0,0,0,0,0,1,0,0,0,0,0,0,0,0,0,5,1,4,8,5,6,0,0,0,0,2,0,0,0,0,0,0,0,0, ,0,0,0,0,0,0,0,0,0,2,2,0,0,0,0,0,0,0,0,0,0,0,0,0,0,0,0,0,0,0,0,0,0,0,0,0,0,0,0,0,0,0,0,0,0,0,0,0,0,0,0,0,3,0,0,0,0, ,0,0, ,0,0,0,0, , , , ,0, , ,0,0, ,0, , ,0,0, ,0,0,0, , , , , , , , , , , , , , , , , , , , 
Finland,0,0,0,0,0,0,0,0,0,0,0,0, , , , , , , , , , , , , , , , , , , , , , , , , , , ,0,0,0,0,0,0,0,0,0,0,0,0,0,0,0,0,0,0,0,0,0,0,0,0,0,0, , ,0,0,0,0,0,0,0,0,0,0,0,0,0,0,1,0,2,0,0,0,14,15,5,2,0,4,34,24,37,85,74,37,10,5,0,2,0,0,1,1,0, , , , , , , , , , , , , , , , , , , , , , , , , , , , , , , , , ,0,0,0,0,0,0,0,0,0,0,1,6,13,59,24,9,8,24,43,29,9,17,10,6,4,1,2,0,0,0,0, ,0,0,0,0,0,0,0,0, , , , ,0,0,0,0,0,0, ,0,0,0,0, ,0,0,0,0,0,0,0,0,0,0,0,0,0,0,0,1,5,1,0,1,2,0,0,0,0,0,0,0,0,0,0,0,0,0,0,0, , , , , ,0,0,0,0,0,0,0,0,0,0,0,0,0,0,0,0,0,0,0,1,0,2,2
France,0,0,0,0,0,0,0,0,0,0,0,0,0,0,0,0,0,0, , , , , , , , , , , , , , , , , , , , , ,0,0,0,0,0,0,0,0,0,0,0,0,0,0,0,0,0,0,0,0,0,0,0,0,0,0,0,0,0,0,0,1,4,3,10,16,11,10,16,17,9,23,15,10,16,23,35,45,33,108,67,114,108,242,284,721,"1,308","1,346","1,853","3,509","3,877","3,426","2,666","1,551","1,028",637,248,137,89,41,26,15,13,4,7,2,3,1,1,0,0,0,2,0,0,0,0,0,0,0,0,0,0,0,0,0,0,0,0,0,0,0,0,0,1,0,0,1,0,0,3,1,5,14,29,53,98,168,275,286,261,281,275,206,180,95,61,26,14,7,3,3,1,1,0,0,1,0,2,0,0,1,0,1,0,0,0,1,0,0,0,0,0,0,0,0,0,0,1,0,0,1,0,1,0,0,0,1,1,0,0,3,3,3,7,8,18,26,22,10,12,8,9,7,7,2,1,1,0,0,1,0,0,0,0,0,0,0,0,0,0,0,0,0,0,0,0,0,1,0,0,1,0,3,2,3,4,6,11,23,46,74
French Guiana,0,0, ,0,0, ,0, ,0,0,0,0, , , ,0,0, ,0, ,0, ,0, , , , , , , , , , , , , , , , ,0,0,0,0,0,0,0,0,0,0,0,0,0,0,0,0,0,0,0,0,0,0,0,0,0,0,0,0,0,0,0,0,0,0,0,0,0,0,0,0,0,0,0,3,2,11,14,25,25,49,21,22,26,5,3,14,12,7,2,3,1,6,1,2,1,7,1,2,9,3,4,2,1,0,3,1,0,0,0,0,0,2,0,1,0,0,2,0,1,1,0,0,0,0,0,0,0,0,0,0,0,0,0,0,0,0,0,0,0,0,0,0,0,0,0,0,0,2,0,2,1,0,0,2,0,1,1,1,2,1,2,1,1,0,1,0,0,0,0,1,0,1,0,0,0,0,0,0,0,0,1,0,0,0,0,0,0,0,0,0,0,0,0,0,0,0,0,0,0,0,0,0,0,0,0,0,0,0,0,0,1,4,5,9,10,14,10,2,2,2,0,0,0,0,0,0,0,0,0,0,0,0,0,0,0,0,0,0,0,0,0,0,0,0,0,0,1,0,2,1,2,1
Gambia, , , , , , , , , , , , , , , , , , , , , , , , , , , , , , , , , , , , , , , , , , , , , , , , , , , , , , , , , , , , , , , , , , , , , , , , , , ,0, , , , , , , , , , , , , , , , , , , , , , , , , , , , , , , , , , , , , , , , , , , , , , , , , , , , , , , , , , , , , , , , , , , , , , , , , , , , , , , , , , , , , , , , , , , , , , , , , , , , , , , , , , , , , , , , , , , , , , , , , , , , , , , , , , , , , , , , , , , , , , , , , , , , , , , , , , , , , , , , , , , , , , , , , , , , , , , , , , , , , , , , , , 
Georgia, , , , , , , , , , , , , , , , , , , , , , , , , , , , , , , , , , , , , , , , , , , , , , , , , , , , , , , , , , , , , , , , , , , ,0,0,0,0, ,0,0,0,0,0,0,0,0,1,1,10,1,0,1,2,4,1,0,1,0,0,2,3,3,17,26,62,76, ,253,296,153,63,62,35, ,15,4,7,3,2,1,0,0,0,0,0,0,1,0,0,0,0,0,0,0,0,0, , , , , , , , , ,0,0,0,0,0,0,0,0,0,0,0,1,0,0,0,0,0,2,4,11,74,100,93,61,54,42,15,13,8,4,0,2,0,1,0,0,0,0,0,0,0,0,0,0,0,0,0,0,0,0,0, ,0,0,0,0,0,0,0,0,0,0,0,0, ,0,0,0,0,0,0,0,0,1,0,0,1,0,2,2,5,3,1,4,1,2,0,0,0,0,0,0,0,0,0,0,0,0,0,0,0,0,0,0,0,0,0,0,0,0,0,0,0,0,0,0,0,1,1,0,0,0
Germany,0,0,0,0,0,0,0,0,0,0,0,0,0,0,0,0,0,0,0,0,0,0,0,0,0,0,0,0,0,0,0,0,0,0,0,0,0,0,0,0,0,0,0,0,0,0,0,0,0,0,0,0,0,0,0,0,0,0,0,0,0,0,0,0,0,0,0,0,0,9,2,2,3,10,24,76,58,41,18,42,71,110,69,24,13,18,8,3,7,6,3,4,10,15,34,68,186,226,199,111,93,96,75,37, ,25,24,18, , , , , ,3,7,2,5,0,1,0,0,0,0,0,0,0,0,1,0,0,0,0,0,0,0,0,0,0,0,0,0,0,0,1,0,1,1,0,0,1,1,2,0,1,14,11,27,54,129,140,160,185,162,94,57,47,28,19,20,6,1,0,0,0,0,0,0,0,0,0,0,0,0,0,0,0,0,1,0,0,0, ,0,0,0,0,0,0,0,0,0,0,0,0,0,0,0,0,0,0,0,0,0,0,0,0,2,1,0,1,0,0,0,0,0,0,0,0,0,0,0,0,0,0,0,0,0,0,0,0,0,0,0,0,0,0,0,0,0,0,0,1,0,0,0,0,4,4,9,10,4
Ghana,0,0,0,0,0,0,0,0,0,0,0,0,0,0,0,0,0,0,0,0,0,0,0,0,0,0,0,0,0,0,0,0,0,0,0,0,0,0,0,0,0,0,0,0,0,0,0,0,0,0,0,0,0,0,0,0,0,0,0,0,0,0,0,0,0,0,0,0,0,0,0,0,0,0,0,0,0,0,0,0,0,0,0,2,0,5,1,2,2,2,0,0,0,0,1,0,3,9,16,9,2,0,0,0,1,0,0,0,0,0,0,1,15,16,15,61,125,194,116,79,44,17,4,13,22,14,20,39,22,24,9,14,23,20,7,4,4,1,30,21,0,2,0,2,0,0,1,1,0,0,1,1,0,1,2,0,1,0,0,0,0,0,1,1,2,6,1,8,11,14,5,18,1,4,2,3,1,7,9,3,3,4,2,7,3,2,3,1,0,0,2,1,1,0,2,0,0,1,1,0,0,0,0,0,0,0,0,0,0,0,0,0,0,0,0,0,0,0,0,0,0,0,0,0,0,0,0,0,0,0,0,0,0,0,0,0,3,0,1,1,0,0,3,0,0,0,1,4,3,10,15,24,14,27,27,23,33,16,12,5,0
Greece,0,0,0,0,0,0,0,0,0,0,0,0,0,0,0,0,0, , , , , , , , , , , , ,0,0,0,0,0,0,0,0,0,0,0,0,0,0,0,0,0,0,0,0,0,0,0,0,0,0,0,0,0,0,0,0,0,0,0,0,0,0,0,0,0,0,0,0,1,0,0,32,37,46,156,246,147,363,280,227,190,117,77,32,18,33,35,38,45,52,91,161,714,"1,097","1,165",852,68,58,472,466,356,198,117,69,103,81,55,38,18,19,14,9,6,1,0,0,1,0,0,0,0,0,0,0,0,0,0,0,0,0,0,0,0,0,0,0,0,0,0,0,0,0,0,0,0,0,0,0,0,0,0,0,8,49,273,599,994,"1,287","1,072",498,231,129,82,26,11,1,0,0,0,0, , , , , , , , , , , , , , , , , , , , ,0,0,0,0,0,0,0,0,0,0,0,0,0,0,0,1,0,0,0,0,0,0,0,0,0,0,0,0,0,0,0,0,0,0,0,0,0,0,0,0,0,0,0,0,0,0,0,0,0,0,0,0,0,0,0,0,0,0,0,0,0,0,0,0,0,0
Guadeloupe, , , ,0,0,0,0, , , , , , , , , , , , , , , , , , , , , , , , , , , , , , , , , , , , , , , , , , , , , ,0,0,0,0,0,0,0,0,0,0,0,0,0,0,0,0,0,0,0,0,0,0,0,0,0,0,1,1,0,0,0,1,2,1,13,8,9,10,25,39,24,48,25,23,18,8,16,7,3,4,0,3,2,1,0,1,0,2,0,1,0, , , , , , , , , , , , , , , , , , , , , ,0,0,0,0,0,0,0,0,0,0,0,0,0,0,0,0,0,0,0,0,0,0,0,1,3,0,3,0,3,0,0,0,0,1,2,0,0,0,0,2,0,0,1,0,0,0,0,0,0,0,0,0,0,0,0,0,0,0,0,4,0,0,0,0,0,0,0,0,0,0,0,0,0,0,4,0,2,3,1,2,0,0,1,1,0,0,0,0,0,0,0,0,0,0,0, , , , , , , , , , , , , , , , , , , , , , , , , , , , , , , , 
Guatemala, , , , , , , , , , , , , , , , , , , , , , , , , , , , , , , , , , , , , , , , , , , , , , , , , , , , , , , , , , , , , , , , , , , , , , , , , , , , , , , , , , , , , , , ,19,24,19,14,6,4,0,4,10,7,1,0,0,0,0,0,0,0,0,1,0,0,0,1,0,0,1,1,3,3,1,6,7,13,3,3,0,2,1,2,7,0,0,0,0,3,1,0,1,0,0,0,0,1,0,3,0,0,0,0,0,0,0,0,0,0,0,0, ,0,3,0,1,0,0,0,1,0,0,1,1,1,0,0,0,0,0,0,0,0,0,0,0,0,0,0,0,0,0,0,0,0,0,0,0,0,0,0,0,0,0,0,0,0,0,0,0,0,0,0,0,0,0,0,0,3,0,1,2,6,15,40,78,56,36,7,14,7,5,8,4,2,4,5,6,2,0,3,0,2,1,2,1,1,0,3,0,0,0,1,0,0,2,0,0,0,0,0,0,0,0,0, , 
Guinea, , , , , , , , , , , , , , , , , , , , , , , , , , , , , , , , , , , , , , , , , , , , , , , , , , , , , , , , , , , , , , , , , , , , , , , , , , , , ,0,0,0,0,0,0,0,0,0,0,0,0,0,0,0,0,0,0,0,0,0,0,0,0,0,0,0,0,0,0,0,0,1,0,0,0,0,0,0,1,1,0,0,0,0,0,0,0,0,0,0,0,0,0,0,1,3,0, , , , , , , , , , , , , , , , , , , , , , , , , , , , , , , , , , , , , , , , , , , , , , , , , , , , , , , , , , , , , , , , , , , , , , , , , , , , , , , , , , , , , , , , , , , , , , , , , , , , , , , , , , , , , , , , , , , , , , , , , , , , , , , 
Guinea-Bissau, , , , , , , , , , , , , , , , , , , , , , , , , , , , , , , , , , , , , , , , , , , , , , , , , , , , , , , , , , , , , , , , , , , , , , , , , , , , , , , , , , , , , , , , , , , , , , , ,0, , , , , , , , , , , , , , , , , , , , , , , , , , , , , , , , , , , , , , , , , , , , , , , , , , , , , , , , , , , , , , , , , , , , , , , , , , , , , , , , , , , , , , , , , , , , , , , , , , , , , , , , , , , , , , , , , , , , , , , , , , , , , , , , , , , , , , , , , , , , , , , , , , , , , , , , , , , , , , , , , , , , , 
Honduras,0,0,0,0,0,0,0,0,0,0,0,0,0,0,0,0,0,0,0,0,0, ,0,0,0,0,0,0,0,0,0,0,0,0,0,0,0,0,0,0,0,0,0,0,0,0,0,0,0,0,0,0,0,0,0,0,0,0,0,0,0,0,0,0,0,0,0,0,0,0,7,34,66,8,5,30,32,19,11,17,27,45,48,45,25,29,34,28,11,10,7,15,7,7,5,11,3,4,3,4,6,1,0,2, ,1,0,4,4,8,2,8,11,27,29,19,12,3,7,10,4,8,0,2,3,1,1,3,2,0,0,0,0,0,4,0,0,0,0,1,0,0,0,0,0,0,0,0,0,0,0,0,0,0,0,0,0,0,0,0,0,0,0,0,0,0,0,0,1,0,0,0,0,0,0,0,1,0,0,0,0,0,0,2,0,1,1,3,0,1,1,4,0,1,1,0,0,0,1,2,0,1,1,1,0,0,0,0,0,0,1,1,0,0,1,2,1,2,3,1,0,5,1,5,5,5,4,2,1,3,5,2,1,3,4,0,4,3,2,0,0,1,2,2,1,0,0,0,0,0,0,0,0,0,1,0,0,0,0, , 
Hungary, , , , , , , , , , , , , , , , , , , , , , , , , , , , , , , , , , , , , , , , , , , , , , , , , , , , , , , , , , , , , , , , , , , ,0,0,0,0,0,0,0,3, ,2,1,13,5,3,0,35,23, ,11,4,6,47,25,13,24,12,15,9,13,28,143,225,238,282,258,147,73, ,107, , , , , , , ,7,11,4,4,4,2,2,1,0,1,0,2,0,1,4,0,0,0,0,0,0,0,0,0,0,0,0,0,0,0,0,0,0,0,0,0,0,0,0,0,0,1,7,1,19,0,33,81,54,82,82,52,43,17,7,11,2,0,0,0,0,0,0,0, , , , , , , , , , , , , , , , , , , ,0,0,0,0,0,0,0,0,0,0,0,0,0,0,0,0,0,0,0,0,0,0,0,0,0,0,0,0,0,0,0,0,0, , , , , , , , , , , , , , , , , , , ,0,0,0,0,0,0,0,0,0,0,0,1,0
Iceland,0,0,0,0,0,0,0,0,0,0,0,0,0,0,0,0,0,0,0, , , , , , , , , , , , , , , , , , , , , , , , , , , , , , , , , , , , , , , , , , , , , , , , , , , , , , , , , , , , , , , , , , , , , , , , , , , , , , , , , , , , , , , , , , , , , , , , , , , , , , , , , , , , , , , , , , , , , , , , , , , , , , , , , , , , , , ,0,0,2,2,3,3,3,5,0,0,0,1,0,0,1,2,1,0,0,0,0,0,0,0,0,0,0,0,0,0,0,0,0,0,0,0,0,0, ,0,0,0,0,0,0,0,0,0,0,0,0,0,0,0,0,0,0,0,0,0,0,0,0,0,0,0,0,0,0,0,0,0,0,0,0,0,0,0,0,0,0,0,0,0,0,0,0,0,0,0,0,0,0,0,0,0,0,0,0,0,0,0,0,0,0,1,0,2
India,0,0,0,0,0,0,0,0,0,0,0,0,0,0,0,0,0,0,0,0,0,0,0,0,0,0,0,0,0,0,0,0,0,0,0,0,0,0,0,0,0,0,0,0,0, , , , , , , ,0,0,0,0,0,0,0,0,0,0,0,0,0, , , , , , , , , , , ,13,9,18,23,27,45,67,209,713,292,149,113,166,279,318,224,176,146,105,80,85,68,103,122,120,136,146,126, ,118,121,125,104,128,122,106,101,108,90,74,65,60,93,58,28,32,43,29,22,16,14,14,17,35,54,94,104,232,310,428,491,422,389,286,204,161,91,49,15,10,0,8,3,0,0,0,0,0,0, , ,5,5,14,10,13,7,20,9,8,8,8,1,0,3,1,1,0,0,1,0,5,3,1,0,1,3,63,6,6,3,4,1,6,4,3,1,4,0,0,0,0,1,0,1,0,0,0,0,0,0,0,0,1,0,2,0,1,1,0,4,2,10,28,75,100,49,41,29,15,18,17,20,15,8,14,12,9,15,29,9,16,22,34,17,37,43,62,72,68,84,61,60,81,42,36,53,49,43,26,19,9,9,4,9
Indonesia, , , , , , , , , , , , , , , , , , , , , , , , , , , , , , , , , , , , , , , , , , , , , , , , , , , , , , , , , , , , , , , , , , , , , , , , , , , , , , , , , , , , , , , , , , , , , , , , , , , , , , , , , ,1,0,0,0,0,0,0,0,0,1,0,0,4,1,1,2,3,0,1,1,3,2,0,1,0,1,0,1,1,0,0,1,0,0,0,0,0,1,1,4,1,4,2,3,5,3,4,6,7,8,4,11,11,11,11,11,11,17,8,14,1,2,2,4,3,1,2,2,5,3,0,0,0,4,1,3,0,1,1,0,0,0,1,1,2,0,0,0,0,0,0,0,0,0,1,2,3,3,1,3,1,1,3,8,8,8,7,6,2,5,4,1,6,2,3,1,2,2,0,3,0,2,0,3,2,1,1,0,1,1,0,0,0,3,2,3,0,1,1,2,6,8,7,11,13,7,10,10,8,15,9,16,18,6,19,7
Iran (Islamic Republic of),0,0,0,0,0,0,0,0,0,0,0,0,0,0,0,0,0,0,0,0,0,0,0,0,0,0,0,0,0,0,0,0,0,0,0,0,0,0,0,0,0,0,0,0,0,0,0,0,0,0,0,0,0,0,0,0,0,0,0,0,0,0,0,0,0,0,0,0,0,0,0,0,0,0,0,0,0,1,0,2,1,43,68,32,11, ,60,27,35,16,18,25,209,433,532,546,524,386,632,210,266,124,76,49, ,27,17,5,3,8,1,1,0,4,1,0,0,0,0,0,0,0,0,0,0,0,0,0,0,0,0,0,0,0,0,0,0,0,0,0,0,0,0,0,1,0,0,0,0,0,0,0,0,7,11,70,96,104,87,81,70,49,52,22,22,21,32,16,4,6,8,7,3,0,0,1,2,1,0,0,0,0,0,0,0,0,0,0,0,0,0,0,0,0,0,0,0,0,0,0,1,0,0,0,0,0,0,0,0,0,0,0,0,0,0,0,0,0,0,0,0,0,0,0,0,0,0,0,0,0,1,0,0,0,0,0,0,0,0,0,0,0,0,0,0,0,0,0,0,0,0,0,0,0,4,0,0,12,11,12,39
Iraq, , , , , , , , , , , , , , , , , , , , , , , , , , , , , , , , , , , , , , , , , , , , , , , , , , , , ,0,0,0,0,0,0,0,0,0,0,0,0,0,0,0,0,0,0,0,0,0,0,0,1,0,0,0,14,4,1,0,0,0,0,0,0,0,0,0,3,0,26,360,458,0,498,191,102,16,7,13,1,1,4,0,0,0,0,0,0,0,0,0,0,0,0,0,0,0,0,0,0,0,0,0,0,0,0,0,0,0,0,1,0,0,0,0,0,0,0,0,0,0,0,0,0,0,0,0,0,0,0,0,1,3,3,11,32,18,21,20,34,15,6,6,1,0,2,0,0,1,0,0,0,0,0,0,0,0,0,0,0,0,0,0,0,0,0,0,0,0,0,0,0,0,0,0,0,0,0,0,0,0,0,0,0,0,0,0,0,0,0,0,0,0,0,0,0,0,0,0,0,0,0,0,0,0,0,0,0,0,0,0,0,0,0,0,0,0,0,0,0,0,0,0,0,0,0,0,0,0,0,0,0,0,0,0,0,0
Ireland, , , , , , , , , , , , , , , , , , , , , , , , , , , , , , , , , , , , , , , , , , , , , , , , , , , , , , , , , , , , , , , , , , , ,0,0,2,0,0,0,9,12,0,16,23,49,53,49,153,145,96,118,91,68,56,106,194,204,225,213,439,574,430,311,255,225,117,64,41,40,20,16,23,8,4,8,4,0,0,1,0,0,0,1,0,0,0,1,0,0,0,0,0,0,0,0,0,0,0,0,0,0,0,0,0,0,0,0,0,0,0,0,2,1,0,0,0,0,1,1,12,43,142,329,397,236,104,54,22,14,4,2,1,0,0,0,1,0,0,0,0,0,0,0,0,0,0,0,0,0,0,0,0,0,0,0,0,0,0,0,0,0,0,0,0,0,0,0,0,0,0,0,0,0,0,0,0,0,0,0,0,0,0,0,1,0,0,0,0,0,0,0,0,0,0,0,0,0,0,0,0,0,0,0,0,0,0,0,0,0,0,0,0,0,0,0,0,0,0,0,0,0,0,0,1,1,1,1
Israel,0,0,0,0,0,0,0,0,0,0,0,0, , , , , , , , , , , , , , , , , , , , , , , ,0, , , , , ,0, , , , , , ,0, ,0,0,0,0,0,0,0,0,0,0,0,0,0,0,0,0,0,0,0,0,33,0,0,21,18,44,163,168,217,139,296,343,485,290,249,225,196,197,167,194,146,197,171,108,161,313,324,569,415,428,328,234,147,109,48,54,25,16,12,13,6,4,2,5,1,1,0,0,0,0, , , , , , , , , , , , , , , , , , , , , , , , ,0,0,1,0,1,1,0,0,1,3,11,26,36,54,68,54,61,52,37,24,13,6,5,1,1,1, , , , , , , , , , , , , , , , , , , , , , , , , , , , , , ,0,0,0,0,0,0,0,0,0,0,0,0,0,0,1,1,1,6,3,4,7,4,6,2,7, , , , , , , , , , , , , , , , , , , , , , , , ,0,0,0,0,3,0,0,0,1,0,1,3
Italy,0,0,0,0,0,0,0,0,0,0,0,0,0,0,0,0,0, , , , , , , , , , , , , , , , , , , , , , , , , , , , ,0,0,0,0,0,0,0,0,0,0,0,0,0,0,0,0,0,0,0,0,0,0,0,0,5,4,0,16,11,22,21,18,35,47,67,302,584,253,95,63,80,61,129,67,55,99,109,132,104,342,885,"1,594","2,313",947,396,335,111,51,15,5,45,34,57,28,4,5,1,4,0,0,0,1,0,0,0,0,0,0,0,0,0,0,0,0,2,0,0, , , , , , , , , , , , , , , , , , ,0,3,3,0,4,8,17,75,152,263,765,204,230,103,81,56,42,4,4,2,2,3,0,0, , , , , , , , , , , , , , , , , , , , , , , , , , , , ,0,0,1,0,0,0,0,1,0,0,1,0,0,0,0,0,0,0,0,0,0,0, ,0, , , , , , , , , , , , , , , , , , , , , , , , , , , , ,0,1,0,0,1,0,1
Jamaica,0,0,0,0,0,0,0,0,0,0,0,0,0,0,0,0,0,0,0,0,0,0,0,0,0,0,0,0,0,0,0,0,0,0,0,0,0,0,0,0,0,0,0,0,0,0,0,0,0,0,0,0,0,0,0,0,0,0,0,0,0,0,0,0,0,0,0,0,0,0,0,1,2,7,2,12,11,8,10,13,5,2,5,6,1,2,0,11,0,7,8,13,4,16,4,14,6,6,8,0,2,0,1,1, ,2,1,0,0,0,0,0,2,0,0,0,0,0,0,0,0,0,0,0,0,0,0,0,0,0,0,0,0,0,0,0,0,0,0,0,0,0,0,0,0,0,0,0,0,0,0,0,0,0,0,0,0,0,0,0,1,0,0,0,0,3,0,1,0,0,0,0,1,0,0,1,1,0,0,0,0,0,0,0,0,0,0,0,0,0,0,0,0,0,0,0,0,1,1,0,1,0,1,1,0,0,0, ,0,0,0,1,1,2,1,2,0,1,0,0,3,0,0,0,0,0,0,0,0,0,0,0,0,0,1,0,0,0,0,0,0,0,0,0,0,0,0,0,0,0,0,0,0,0,0,0,0,0,0,0,0
Japan,0,0,0,0,0,0,0,0,0,0,0,0,0,0,0,0,0,0,0,0,0,0,0,0,0,0,0,0,0,0,0,0,0,0,0,0,0,0,0,0,0,0,0,0,0,0,0,0,0,0,0,0,0,0,0,0,0,0,0,0,0,0,0,0,0,0,0,0,0,0,2,142,150,32,54,149,209,247,394,782,"1,116","1,011",748,"1,053","1,122","1,512","1,001",595,519,717,475,754,997,"1,027","1,399","1,655","1,431","1,554","1,573","1,399","1,424","1,284","1,019",604,174,503,479,541,407,342,262,251,167,99,77,47,17,18,17,25,18,9,7,19,19,13,6,9,7,2,6,10,7,4,2,10,12,4,6,8,23,8,14,7,16,9,16,10,19,12,26,32,44,139,189,269,173,594,949,"1,354",847,607,335,207,145,91,71,17,9,2,2,2,3,2,0,1,0,0,0,0,0,0,0,0,0,0,0,0,1,1,0,0,0,0,0,0,0,1,1,0,0,0,0,0,0,0,0,1,1,1,0,1,0,0,1,1,1,0,0,1,0,0,1,1,0,1,0,0,0,0,0,0,0,1,0,0,0,0,0,1,0,0,0,0,0,9,0,2,0,0,0,0,1,2,1,1,1,0,3,3,5
Jordan, , , , , , , , , , , , , , , , , , , , , , , , , , , , , , , , , , , , , , , , , , , , , , , , , , , , , , , , , , , , , , , , , , , , , , , , , , , , , , , , , , , , , , , , , , , , , , , , , , , , , , , , , , , , , , , , , , , , , , , , , , , , , , , , , , , , , , , , , , , , , , , , , , , , , , ,0,0,0,0,1,0,1,3,0,1,4,1,2,1,1,0,0,0,0,0,0,0,0,0,0,0,0,0,0,0,0,0,0,0,0,0,0,0,0,0, , ,0,0,0,0,0,0,0,0,0,0,0,0,0,0,0,0,0,0,0,0,0,0,0,0,0,0,0,0,0,0,0,0,0,0,0,0,1,0,0,0,0,0,0,0,0,0,0,0,0,0,0,0,0,0,0,0,0,0,0,0,3,0,1,0,2,4,7,6,12
Kazakhstan,0,0,0,0,0,0,0,0,0,0,0,0,0,0,0,0, , , , , , , , , , , , , , , , , , , , , , ,0,0,0,0,0,0,0,0,0,0,0,0,0,0,0,0,0,0,0,0,0,0,0,0,0,0,0,0,0,0,0,0,0,0,0,0,0,0,0, , , , , , , , , , , , , , ,0, , , , , , , , , , , , , , , , , , , , , , , , , , , , , , , ,0,0,0,0,0,0,0,0,0,0,0,0, ,0,0,0,0, ,0,0,0, ,0,0, , , , ,0,0,0,0,0,0,0,0,0,0,0,0,0,0,0,0,0,0,0,0,0,0,0,0,0,0,0,0,0,0,0,0,0,0,0,0,0,0,0,0,0,0,0,0,0,0,0,0, , , ,0, , , ,0,0,2,4,7,12,29,30,33,23,24,6,8,0,1,4,2,0,0,0,0,0,0,0,0,0,0,0,0,0,0,0,0,0,0,0,0,0,0,0,0,0,0,0,0,0,0,0,0,0,0,0,0,0,0
Kenya,0,0,0,0,0,0,0,0,0,0,0,0,0,0,0,0,0,0,0,0,0,0,0,0,0,0,0,0,0,0,0,0,0,0,0,0,0,0,0,0,0,0,0,0,0,0,0,0,0,0,0,0,0,0,0,0,0,0,0,0,0,0,0,0,0,0,0,0,0,0,0,0,0,0,0,0,0,11,8,4,4,2,6,18,20,22,13,11,23,67,32,76,76,57,55,60,62,81,54,21,15,25,1,0,0,2,5,1,2,3,1,1,2,2,6,3,4,1,3,0,0,0,0,0,0,0,0,0,1,6,4,3,6,8,13,1,2,2,2,2,1,1,2,0,3,5,6,8,5,11,14,3,16,5,12,12,0,5,9,8,3,9,21,22,22,17,28,26,30,12,10,7,9,8,1,2,2,3,9,1,2,14,9,8,11,9,8,7,8,2,7,1,5,0,5,2,3,2,11,4,16,5,8,8,9,3,2,0,0,0,0,0,1,1,2,0,2,2,0,1,2,1,2,0,1,0,0,0,2,0,0,1,0,0,0,0,0,0,0,0,0,0,0,0,0,0,0,1,0,1,0,0,0,0,0,0,0,0,0,6,0
Kyrgyzstan,0,0,0,0,0,0,0,0,0,0,0,0,0,0,0,0,0,0,0,0,0,0,0,0,0,0,0,0,0,0,0,0,0,0,0,0,0, , , , , , , , , , , , , , , , , , , , , , , , , , , , , , ,0,0,0,0,0,0,0,0,0,0,0,0,0,0,0,0,0,0,3,1,1,0,0,1,0,1, ,0,0,21,53,51,44,17,10,2,1,1,0,0,0,0,0,0,0,0,0,0,0,0,0,0, ,0,0,0,0,0,0,0,0,0,0,0,0,0,0,0,0,0,0,0,0,0,0,0,0,0,0,0,0,0,0,0,0,0,0,0,0,0,0,0,0,0,0,0,1,0,0,0,0,0,0,0, ,0, ,0, ,0, , , , , , , , , , , , , , , , , , , ,0,0,0,0,0,0,0,0,0,0,0,0,0,0,0,0,0,0,0,0,0,0,0,0,0,0,0,0,0,0,0,0,0,0,0,0,0,0,0,0,0,0,0,0, ,0,0,0,0,0,0,0,0,0,0,0,0,0,0,0,0,0,0,0,0
Lao People's Democratic Republic, , , , , , , , , , , , , , , , , , , , , , , , , , , , , , , , , , , , , , , , , , , , , , , , , , , , , , , , , , , , , , , , , , , , , , , , , , , , , , , , , , , , , , , , , , , , , , , , , , , , , , , , , , , , , , , , , , , , , , , , , , , , , , , , , , , , , , , , , , , , , , , , , , , , ,1,6,8,4,0,1,0,2,1,0,0,1,1,1,1,2,0,0,1,1,0,0,1,0,2,0,0,0,2,0,0,0,0,0,0,0,0,0,0,0,0,0,0,0,0,0,0,0,0,0,0,0,0,0,0,0,2,0,0,0,0,0,0,0,0,0,0,0,0,0,0,0,0,0,0,0,0,0,0,0,0,0,0,0,0,0,0,0,0,0,0,0,0,0,0,1,1,14,3,14,0,0,5,0,1,2,4,2,2,1,5,3,3
Latvia,0,0,0,0,0,0,0,0,0,0,0,0,0,0,0,0,0,0,0,0,0,0, , , , , , , , , , , , , , , , , ,0,0,0, ,0,0,0,0,0,0,0,0,0,0,0,0,0,0,0,0,0,0,0,0,0,0,0,0,0, ,0,0,0, , , , ,0,0, ,3,4,2,7,0,4,0,4,0,2,1,0,0,0,0,2,5,52,297,271,33,42,57,48,36,36,37,11,12,7,20,7,5,1,0,2,1,0,0,0,0,0,0,0,0,0, ,0, , , , , , , , , , , , ,0, ,0, ,0,0,0,0,0,0,0,0,0,0,1,3,11,13,13,40,44,92,82,77,45,11,16,17,15,1,1,0,0,0,0,0,0,0,0, , ,0, ,0, ,0,0,0,0, , ,0, , ,0, ,0,0,0,0,0,0,0,0,0,0,0,0,0,0,0,0,0,0,0,0,0,1,1,0,0,0,0,0,0,0,0,0,0,0, ,0, ,0, , , ,0, , , , , , , , , ,0, ,0,0,0,0,0,0,0,0,0,0,0,0,9
Lithuania, , , , , , , , , , , , , , , , , , , , , , , , , , , , , , , , , , , , , , , , , , , , , , , , , , , , , , , , , , , , , , , , , , , , , , , , , , , , , , , , , , , ,11,8,6,0,3,0, ,0,0,1,2,1, ,48,57,101,188, ,67,35,37,27, , , , , , , , , , , , , , , , , , , , , , , , , , , , , , , , , , ,0,0,0,0,0,0,0,0,0,0,0,0,0,1,1,1,6,16,55,102,108,92,44,12,0,0,5,1,1,1,0,0,0,0,0,0,0,0,0,0,0,0,0,0,0,0,0,0,0,0,0,0,0,0,0,0,0,0,0,0,0,0,0,0,0,0,0,0,0,0,7,0,0,0,0,0,0,1,0,4,1,2,1,1,1,0,0,2,0,0,0,0,0,0,0,0,0,0,0,0,0,0,0,0,0,0,0,0,0,0,0,0,0,0,0,0,0,0,0,0,0,0
Luxembourg,0,0,0,0,0,0,0,0,0,0,0,0,0,0,0,0,0,0,0,0, , , , , , , , , , , , , , , , , , , ,0,0,0,0,0,0,0,0,0,0,0,0,0,0,0,0, , , , , , , , , , , , ,0,0,0,0,0,0,0,0,0,0,1,2,8,15,16,14,25,17,7,13,27,18,43,72,75,96,83,50,185,112,60,78,64,45, ,36,18, ,12, , , , , , , ,0,1,1,2,0, ,2,0,0,0,1, , , , , , , , , , , , , , , , , , , ,0,0,0,0,0,0,0,0,0,1,1,7,3,11,20,56,41,30,42,26,9,3,2,0,0,0,0,0,0,0,0,0, , , , , , , , , , , , , , , , , , , , , ,0,0,0,0,0,0,0,0,0,0,0,0,0,0,0,0,0,0,26,0,0,1,0,0,0,0,0,0,0,0,0,0,0, , , , , , , , , , , , , , , , , , , ,0,0,0,0,0,0,0,0,0,0,0,0,0
Madagascar,0,0,0,0,0,0,0,0,0,0,0,0,0,0,0,0,0,0,0,0,0,0,0,0,0,0,0,0,0,0,0,0,0,0,0,0,0,0,0,0,0,0,0,0,0,0,0,0,0,0,0,0,0,0,0,0,0,0,0,0,0,0,0,0,0,0,0,0,0,0,0,0,0,0,0,0,0,0,0, , , , , , , , , , , , ,0,12,131,89,157,123,80,91,68,61,47,29,22,6,15,16,13,5,4,3,8,6,0,0,0,0,1,0,0,0,0,0,0,0,0,0,0,0,0,0,1,1,0,2,1,0,2,0,1,0,0,2,1,0,0,0,0,0,0,1,1,1,1,0,0,0,0,0,1,0,0,0,0,0,0,1,0,0,0,0,0,0,0,0,1,2,7,1,4,2,8,15,13,7,5,2,5,2,2,0,0,1,2,2,1,1,0,0,0,0,0,0,0,1,0,0,0,0,3,4,0,7,3,4,5,5,0,0,2,2,0,2,2,0,0,0,0,0,0,0,0,0,0,0,0,0,0,0,0,0,0,0,0,0,0,0,0,0,0,0,0,0,0,0,0,0,0,0,0,0
Malaysia,0,0,0,0,0,0,0,0,0,0,0,0,0,0,0,0,0,0,0,0,0,0,0,0,0,0,0,0,0,0,0,0,0,0,0,0,0,0,0,0,0,0,0,0,0,0,0,0,0,0,0,0,0,0,0,0,0,0,0,0,0,0,0,0,0,0,17,0,0,0,0,0,3,0,1,0,0,0,0,3,4,10,30,66,61,64,20,12,6,6,2,2,0,0,12,7,9,8,0,2,3,1,0,0,0,0,3,2,0,3,1,0,2,2,2,1,3,4,3,21,6,4,1,1,2,3,1,0,0,0,2,3,2,1,4,0,2,0,0,0,0,0,0,0,0,1,0,0,1,0,1,0,0,0,7,8,0,3,4,1,2,2,0,0,2,0,0,0,0,1,0,0,1,0,0,0,0,0,0,0,0,0,0,0,0,0,0,0,0,0,0,0,0,0,0,0,0,0,0,0,0,0,0,0,0,0,0,0,0,0,0,0,0,0,0,0,0,0,0,0,0,0,0,0,0,1,0,0,0,0,0,0,0,0,0,1,0,0,0,0,0,0,0,0,0,1,0,0,0,0,0,0,0,0,0,0,0,0,0,0,0
Mali, , , , , , , , , , , , , , , , , , , , , , , , , , , , , , , , , , , , , , , , , , , , , , , , , , , , , , , , , , , , , , , , , , , , , , , , , , , , , , , , , , , , , , , , , , , , , , , , , , , , , , , , , ,1,0,4,3,7,5,6,1,0,0,1,1,0,0,0,0,0,0,0,0,0,0,0,0,0,0,0,0,0,0,0,0,0,0,0,0,1,0,4,4,0,2,0,0,0,0,1,0,0,0,2,0,0,0,1,2,5,2,4,3,4,1,2,5,0,1,0,0,0,0,0,0,0,0,0,0,0,0,0,0,0,0,0,0,0, , , , , , , , , , , , , , , , , , , ,0,0,0,0,0,1,1,2,0,0,0,0,0,3,1,1,0,0,0,0,0,0,0,0,0,0,0,0,0,0,0,0,0,0,0,0,0,0,0,0,0,0,0,0,0,0,0,0,0,0,0,0
Malta, , , , , , , , , , , , , , , , , , , , , , , , , , , , , , , , , , , , , , , , , , , , , , , , , , , , , , , , , , , , , , , , , , , ,0,0,0,0,0,0,0,0,0, , , , ,0,0,0,0,0,0,0,0,3, ,0,8,16,0, ,0,0, ,0,0,0,0,0,0,0,0,0,0, ,0, ,0,0, , , , , , , , , , , , , , , , , , , , , , , , , , , , , , , , , , , , , , , , , ,2,12,22,10,13,5,7,5,4,0,2,1,1,0,0,0,0,0,0,0,0, , , , , , , , , , , , , , , , , , , , , ,0,0,0,0,0,0,0,0,0,0,0,0,0,0,0,0,0,0,0,0, , , , , , , , , , , , , , , , , , , , , , , , , , , , , , , , ,0,0, ,0,0, , ,0,0,0,10,16,8
Martinique,0,0,0,0,0, , , , , ,0, , , , , , , , , , , , , , , , , , , , , , , , , , , , , , , , , , , , , , , , , ,0,0,0,0,0,0,0,0,0,0,0,0,0,0,0,0,0,0,0,0,0,0,1,0,2,0,0,0,0,0,2,5,15,20,16,4, , , , , , , , , , , , , , , , , , , , , , , , , , , , , , , , , , , , , , , , , , ,0, , , ,0,0,0,0,0,0,0,0,0,0,0,0,0,0,0,0,0,0,0,0,0,0,0,0,0,3,0,6,0,4,0,2,0,0,0,0,0,0,0,0,0,0,0,0,0,0,0,0,0,0,0,0,0,0,0,0,0,0,0,0,0,0,0,0,0,0,0,0,0,0,0,0,0,0,0,1,1,0, ,0,1,0,1,2,1,2,1,0, ,0,0,0,0, , , ,0, , ,0, , , , , , , , , , , , , , , , , , , , , , , , , , , 
Mauritania, , , , , , , , , , , , , , , , , , , , , , , , , , , , , , , , , , , , , , , , , , , , , , , , , , , , , , ,0,0,0,0,0,0,0,0,0,0,0,0,0,0,0,0,0,0,0,0,0,0,0,0,0,0,0,0,0,0,0,0,0,0,0,0,0,0,0,0,0,0,0,0,0,0,0,0,2,0,0,0,11,13,0, , , , , , , , , , , , , , , , , , , , , , , , , , , , , , , , , , , , , ,0,0, , , , , , , , , , , , , , , , , , , , , , , , , , , , , , , , , , , , , , , , , , , , , , , , , , , , , , , , , , , , , , , , , , , , , , , , , , , , , , , , , , , , , , , , , , , , , , , , , , , , , , , , , , , , , , , , , 
Mauritius, , , , , , , , , , , , , , , , , , , , , , , , , , , , , , , , , , , , , , , , , , , , , , , , , , , , , , , , , , , , , , , , , , , , , , , , , , , , , , , , , , , , , , , , , , , , , , , , , , , , , , , , , , , , , , , , , , , , , , , , , , , , , , , , , , , , ,4,12, ,8, , ,0, , ,0,0, , , , ,0, , , , , , ,0, , ,1,0,0,0,0,0,0,0,0,0,0,0,2,0,0,0,0,0,0,0,0,0,1,0,0,0,0,0,0,0,0,0,0,0,0,0,0,0,0,0,0,0,0,0,0,0, , , , , , ,0,0,0,0,0,0,0,0,0,0,0,0,0,0,0,0,0,0,0,0,0,0,0,0,0,0,0,0,0,2,0,0,0,0,0,0,0,0,0,1,0,0,0,0,0,0,0,0,0,0,0, 
Mexico,0,0,0,0,0,0,0,0,0,0,0,0,0,0,0,0,0,0,0,0,0,0,0,0,0,0,0,0,0,0,0,0,0,0,0,0,0,0,0,0,0,0,0,0,0,0,0,0,0,0,0,0,0,0,0,0,0,1,3,0,2,2,7,15,26,55,38,146,"1,243","2,029","1,403",827,546,485,"1,040","1,498","1,613","2,335","1,973","1,648","1,275","1,211","1,119",713,862,"1,053","1,376","2,611","4,306","4,530","5,988","5,813","4,863","4,400","3,594","2,271","1,944","1,487","1,060",656,625,381,274,288,287,260,203,246,214,216,210,207,218,260,206,123,106,45,30,30,12,12,7,4,2,6,5,0,1,3,0,1,2,2,0,0,1,3,2,1,0,0,1,0,0,0,0,0,1,0,0,0,0,2,3,5,1,3,1,0,1,0,4,3,2,8,3,13,19,50,17,15,2,1,0,0,0,0,0,0,1,0,0,0,0,0,0,0,0,0,0,0,0,0,0,0,0,0,0,0,2,2,4,2,4,22,62,73,112,243,501,645,841,737,651,348,242,130,74,28,19,9,3,4,0,0,1,0,1,0,0,1,0,0,0,2,0,0,0,1,1,2,0,0,0,0,0,0,0,0,0,0,0,0,0,0,0,0,0,0,0
Mongolia,0,0,0,0,0,0,0,0,0,0,0,0,0,0,0,0,0,0,0,0,0,0,0,0,0,0,0,0,0,0,0,0,0,0,0,0,0,0,0,0,0,0,0,0,0,0,0,0,0,0,0,0,0,0,0,0,0,0,0,0,0,0,0,0,0,0,0,0,0,0,0,0,0,0,0,0,0,0,0,0,0,0,0,0,0,0,0,0,0,0,0,0,4,132,355,306,292,55,55,34,23,17,28,14, ,8,23,23,28,37,6,3,8,0,0,0,0,0,0,0,0,0,0,0,0,0,0,0,0,0,0,0,0,0,0,0,0,0,0,0,0,0,0,0,0,0,0,0,0,0,0,0,0,0,0,0,0,1,9,20,15,7,14,11,6,13,3,0,0,1,0,0,0,0,0,0,0,0,0,0,0,0,0,0,0,0,0,0,0,0,0,0,0,0,0,0,0,0,0,0,0,0,0,0,0,0,0,0,0,0,0,0,0,0,0,0,0,0,0,0,0,0,5,12,9,4,2,1,0,0,0,0,0,0,1,0,0,0,0,0,0,0,0,0,0,0,0,0,0,0,0,0,0,0,0,0,0,0,0,0,0
Montenegro, , ,0, , , , , , , , , , , , , , , , , , , , , , , , , , , , , , , , , , , , , , , , , , , , , , , , , , , , , , , , , , , , , , , , , , , , , , , , , , , , , , , , , , , , , , , , , , , , , , , , , , , , , , , , , , , , , , , , , , , , , , , , , , , , , , , , , , , , , , , , , , , , , , , , , , , , , , , , , , , , , , , , , , , , , , , , , , , , , , , , , , , , , , , , , , , , , , , , , , , , , , , , , , , , , , , , , , , , , , , , , , , , , , , , , , , , , , , , , , , , , , , , , , , , , , , , , , , , , , , , , , 
Montserrat, , , , , , , , , , , ,0, , , , , , , , , , , , , , , , , , , , , , , , , , , , , , , , , , , , , , , , , , , , , , , , , , , , , , , , , , , , , , , , , , , , , , , , , , , , , , , , , , , , , , , , , , , , , , , , , , , , , , , , , , , , , , , , , , , , , , , , , , , , , , , , , , , , , , , , , , , , , , , , , , , , , , , , , , , , , , , , , , , , , , , , , , , , , , , , , , , , , , , , , , , , , , , , , , , , , , , , , , , , , , , , , , , , , , , , , , , , , , , , , , , , , , , , , , , , , , , , , , , , , , , , , 
Morocco,0,0,0,0,0,0,0,0,0,0,0,0,0,0,0,0,0,0, , , , , , , , , , , , , , , , , , , , , , ,0,0,0,0,0,0,0,0,0,0,0,0,0,0,0,0,0,0,0,0,0,0,0,0,0,0, , , , , , , , , ,3,6,8,4,1,10,14,21,12,14,25,6,0,4,0,0,0,0,1,54,162,87,130,177,233,241,232,123,101,45,128,52,10,2, , , , , , , , , , , , , , , , , , , , , , , , , , , , , , , , , ,0,0,0,0,0,0,0,1,0,2,1,0,3,3,18,16,18,27,18,5,9,3,10,3,1,1,0,0,0,0,0,0,0,0, , , , , , , , , , , , , , , , ,0,0,0,0,0,0,0,0,0,0,0,0,0,0,0,0,0,0,0,0,0,0,1,0,0,0,0,0,0,0,0,0,0,0, , , , , , , , , , , , , , , , , , , , ,0,0,0,0,0,0,0,0,0,0,0,0,0,0,1
Mozambique, , , , , , , , , , , , , , , , , , , , , , , , , , , , , , , , , , , , , , , , , , , , , , , , , , , , , , , , , , , , , , , , , , , , , , , , , , , , , , , , , , , , , , , , , , , , , , , , , , , , , , , , , ,0,0,0,0,0,0,0,0,0,0,0,0,0,0,0,0,0,0,0,0,0,0,0,0,0,0,0,0,0,0,0,0,0,0,0,0,0,0,0,0,0,0,0,0,0, , , , , , , ,0,0,0,0,0,0,0, , , , , , , , , , , , , , , , , , , , , , , , , , , , , , , , , , , , , , , , , , , , , , , , , , , , , , , , , , , , , , , , , , , , , , , , , , , , , , , , , , , , , , , , , , , , , , , , , 
Nepal, , , , , , , , , , , , , , , , , , , , , , , , , , , , , , , , , , , , , , , , , , , , , , , , , , , , , , , , , , , , , , , , , , , , , , , , , , , , , , , , , , , , , , , , , , , , , , , , , , , , , , , , , , , , , , , , , , , , , , , , , , , , , , , , , , , , , , , , , , , , , , , , , , , , , , , , , , , , , , , , , , , , , , , , , , , , , , , , , , , , , ,2, ,0,0, , , , , , , , , , , , ,0,1,0,0, ,0,0,0,0,0,0,0,0,0,0,0,0,0,0,0,0,0,0,0,0,0,0,0,0,0,0,0,0,0,0,0,0,0,0,1,0,6,5,1,4,21,27,26,60,31,41,41,18,4,0,1,2,0,0,0,0,0,1,0
Netherlands, , , , , , , , , , , , , , , , , , , , , , , , , , , , , , , , , , ,0,0, , ,0,0,0,0,0,0,0,0,0,0,0,0,0,0,0,0,0,0,0,0,0,0,0,0,0,0,0,0,0,0,0,1,2,1,0,1,19,44,41,19,19,15,97,196,478,455,33,49,35,23,23,17,14,38,46,67,145,220,216,210,93,59,34,21,6,3,3,3,0,3,1,0,1,0,0,0,0,0,1,0,0,0,0,0,0,1,0,0,0,0,0,0,0,0,0,0,0,0,0,0,0,0,0,0,0,0,0,0,0,0,0,1,1,0,1,2,15,9,33,94,97,88,47,48,26,6,3,2,1,1,1,0,1,0,0,0,0,0,0,0,0,0,0,0,0,0,0,0,0,0,0,0,0,0,0,0,0,0,0,0,0,0,0,0,0,0,0,0,0,0,0,0,0,0,0,0,0,0,1,0,2,0,1,1,0,0,0,0,1,0,0,0,0,0,0,0,0,0,0,0,0,0,0,1,1,0,0,0,0,0,0,0,0,2,0,1,0,0,2,4,9,22,39
New Caledonia,0,0,0,0,0,0,0,0,0,0,0,0,0,0,0,0,0,0,0,0,0,0,0,0,0,0,0,0,0,0,0,0,0,0,0,0,0,0,0,0,0,0,0,0,0,0,0,0,0,0,0,0,0,0, , , , , , , , , , , , , , , , , , , , , , ,0,2,17,21,14,33,61,91,89,90,48, , ,1,0,0,0,0,0,0,0,0,0,0,0,1,0,2,1,0,0,0,0,0,0,0,0,0,0,0,0,0,0,0,0,0,0,0,0,0,0,0,0,0,0,0,0,0,0,0,0,0,0,0,0,0,0,0,0,0,1,0,0,0,0,0,0,0,0,0,0,0,1,0,1,0,0,0,0,0,0,0,0,0,0,0,0,0,0,0,0,0,0,1,0,0,0,0,0,0,0,2,0,1,1,0,10,2,0,3,2,1,0,0,0,0,0,0,0,0,0,0,0,0,0,0,0,0,0,0,1,0,0,0,0,0,0,0,0,0,0,0,0,0,0,0,0,0,0,0,1,0,0,0,0,0,0,0,0,0,0,0,0,0,0,0,0,0,0,0,0,0,0,0,0
New Zealand, , , , , , , , , , , , , , , , , ,0,0,0,0,0,0,0,0,0,0,0,0,0,0,0,0,0,0,0,0,0,0,0, , , , , , , , , , , , , , , , , , , , , , , , , , , , , ,0,0,0,0,0,0,0,13,27,63,303,181,152,86,63,35,11,11,3,3,4,2,2,0,1,0,0,1,0,1,0,0, , ,0,0,0,0,0,0,0,0,0,0,0,0,0,0,0,0,0,0,0,0,0,0,0,0,0,1,2,2,2,12,7,5,18,40,37,38,17,27,6,0,5, , , , , , , , , , , , , , , , , , , , , , , , , , , , , , ,0,1,0,0,0,0,2,0,1,1,2,2,2,5,8,6,7,6,2,6,2,1,8,1,0,0,0,0,1,1,0,0,0,0,1, , , , , , , , , , , , , , , , , ,1,0,0,0,1,2,6,9,16,30,31,31,25,19,13,14,7,4,1,3,2, , , , , , , , , , , , , , 
Nicaragua, , , , , , , , , , , , , , , , , , , , , , , , , , , , , , , , , , , , , , , , , , , , , , , , , , , , , , , , , , , , , , , , , , , , , , , , , , , , , , , , , , , , , , , , , , , , , , , , , , , , , , , , , ,1,0,0,0,2,1,0,0,0,1,2,2,1,0,0,0,0,0,0,0,0,0,0,0,0,0,0,0,0,0,0,0,0,0,0,0,0,0,0,0,0,0,0,0,0,0,0,0,0,0,0,0,0,0,0,0,0,0,0,0,0,0,0,0,0,0,0,0,0,0,0,0,0,0,0,0,0,0,0,0,0,0,0,0,0,0,0,0,0,2,2,23,108,207,143,95,73,31,11,7,2,1,0,2,1,0,0,0,0,0,1,0,0,0,0,1,0,0,0,0,0,0,0,0,0,0,0,0,0,0,0,2,0,0,0,0,0,1,0,0,0,0,0,0,0,0,0,0,0,0,0,0,0,0,0,0
Niger, , , , , , , , , , , , , , , , , , , , , , , , , , , , , , , , , , , , , , , , , , , , , , , , , , , , , , , , , , , , , , , , , , , , ,0,0,0,0,0,0,0,0,0,0,0,0,0,0,0,0,0,0,0,0,0,0,0,0,0,0,0,0,0,0,0,0,0,0,0,0,0,0,0,0,0,3,6,4,10,7,5,5,6,3,1,0,0,0,0,0,0,0,0,0,0,0,0,0,0,0,0,0,0,0,0,0,0,0,0,0,0,0,0,0,0,0,0,0,0,0,0,0,0,0,1,5,10,7,8,4,1,0,0,0,1,0,0,0,0,0,0,0,0,0,0,0,0,0,0,0,0,0,0,0,0,0,0,0,0,0,0,0,0,0,0,0,0,0,0,0,0,0,0,0,0,0,0,0,0,0,0,0,0,0,0,0,0,0,0,0,0,0,0,0,0,0,0,0,0,0,0,0,0,0,0,0,0,0,0,0,0,0,0,0,0,0,0,0,0,0,0,0,0,0,0,0,0
Nigeria, , , , , , , , , , , , , , , , , , , , , , , , , , , , , , , , , , , , , , , , , , , , , , , , , , , , , , , , , , , , , , , , , , , , , , , , , , , , , , , , , , , , , , , , , , , , , , , , , , , , , , , , , ,7,0,1,4,5,4,5,6,7,13,4,1,0,0,2,0,0,0,0,0,0,0,0,0,0,0,1,0,0,0,0,0,0,0,0,0,0,0,3,2, ,0,1,1,0,0,0,0,0,0,0,0,0,2,2,0,0,0,0,0,4,0,0,0,1,1,3,0,2,0,0,0,0,0,0,0,0,1,1,0,1,7,4,4,2,0,0,1,1,2,4,1,1,4,1,0,0,0,0,0,0,0,0,0,0,0,0,0,0,0,0,0,0,0,0,0,0,0,0,0,0,0,0,0,0,0,0,0,0,0,0,1,0,0,0,3,0,3,1,3,3,1,0,2,1,6,4,1,0,0,1,0,2,1,1,0
Norway,0,0,0,0,0,0,0,0,0,0,0,0,0,0,0,0,0,0,0,0,0,0,0,0,0,0,0,0,0,0,0,0,0,0,0,0,0,0,0,0,0,0,0,0,0,0,0,0,0,0,0,0,0,0,0,0,0,0,0,0,0,0, , , , , ,0,0,0,2,2,1,3,2,3,6, , ,21,120,193,108,83,54,56,62,81,72,75,85,70,108,180,520,889,"1,403","1,142",470,410,245,92,43,12,10,7,3,1,0,0,1,0,7,1,0,1,0,0,0,0,1,0,0,0,0,0,0,0,1,0,0,0,0,0,2,0,0,0,0,0,0,0,0,1,0,0,1,1,0,0,0,3,3,7,16,27,22,103,106,125,133,120,93,76,59,61,30,14,14,9,12,1,0,2,0,0,0,0,0,0,0,0,0,0,0,0,0,0,0,0,0,0,0,0,0,0,0,0,0,0,0,0,0,0,0,0,1,0,1,1,1,6,5,3,2,4,5,4,4,1,3,4,3,3,0,0,0,0,0,0,0,0,0,0,0,0,0,0,0,0,0,0,0,0,0,0,0,0,1,0,2,6,10,13,10,8,14,26,69,97,121
Oman, , , , , , , , , ,0,0,0,0,0,0,0,0,0,0,0,0,0,0,0,0,0,0,0,0,0,0,0,0,0,0,0,0,0,0,0,0,0,0,0,0,0,0,0,0,0,0,0,0,0,0,0,0,0,0,0,0,0,0,0,0,0,0,0,0,0,0,0,0,0,0,0,0,0,0,0,0,0,0,0,0,0,0,0,0,0,0, , , , , , , , , , , , , , ,28,16,16,28,19,29,21,10,2,2,3,0,0,0,13,0,1,0,0,0,0,0,0,0,0,0,0,3,1,5,10,1,6,7,11,11,4,7,3,5,7,15,2,4,12,1,9,16,5,10,25, ,15,13,23,16,10,5,4,4,4,5,3,8,4,1,4,0,2,1,1,0,0,0,0,3,0,1,1,2,1,0,2,0,0,0,0,0,0,0,1,0,0,0,5,0,0,0,1,0,3,1,0,6,4,3,4,1,4,3,0,1,0,3,2,0,0,0,2,6,2,2,1,1,3,0,2,0,4,1,0,0,1,0,0,0,0,0,0,1,1,0,0,0,1,1,2,0,1,1,3,3,4,5,0,1
Pakistan,0,0,0,0,0,0,0,0,0,0,0,0,0,0,0,0,0,0,0,0,0,0,0,0,0,0,0,0,0,0,0,0,0,0,0,0,0,0,0,0,0,0,0,0,0,0,0,0,0,0,0,0,0,0,0,0,0,0,0,0,0,0,0,0,0,0,0,0,0,0,0,0,0,0,0,0,1,0,0,0,0,0,0,1,0,0,0,0,0,0,2,0,1,1,0,0,4,5,10,11,15,23,52,36,11,65,13,13,5,2,0,2,2,0,2,2,0,0,0,0,0,0,0,0,0,0,0,0,0,0,0,0,0,0,0,0,0,0,0,0,0,0,0,0,0,0,0,0,0,0,0,2,3,4,4,7,29,98,47,67,44,54,40,6,7,8,11,2,0,0,0,0,0,0,0,0,0,0,0,1,0,0,0,0,0,0,0,0,0,0,0,0,0,0,0,0,0,0,4,18,22,1,7,11,4,4,1,12,5,2,9,0,0,0,0,4,1,0,0,0,0,0,0,0,0,0,0,0,0,0,0,0,0,0,0,0,0,0,0,0,0,0,0,0,0,0,0,0,0,0,0,0,0,0,0,0,0,0,0,2,0
Panama,0,0,0,0,0,0,0,0,0,0,0,0,0,0,0,0,0,0,0,0,0,0,0,0,0,0,0,0,0,0,0,0,0,0,0,0,0,0,0,0,0,0,0,0,0,0,0,0,0,0,0,0,0,0,0,0,0,0,0,0,0,0,0,0, , , , , , , , ,23, , , , , , , , , , , , , , , , , , , , , , , , , , , , , , , , ,0,1,0,0,0,0,0,0,0,0,0,0,0,0,0,0,0,0,0,0,0,0,3,1,2,0,0,0,0,0,0,0,0,0,0,0,0,0,0,0,0,0,0,0,0,0,0,0,0,0,0,0,0,0,0,0,0,0,0,0,0,0,0,0,0,0,1,0,0,0,0,0,0,0,3,0,0,0,1,1,1,2,1,1,4,3,3,1,3,9,2,0,0,2,1,0,0,0,2,1,0,0,0,0,0,0,0,0,0,0,0,0,0,0,0,0,0,0,0,0,0,0,0,2,1,14,4,4,1,0,4,2,3,2,4,4,0,0,0,0,0,0,0,0,0,0,0,0,0,0,0,0,0,0,0,0
Paraguay,0,0,0,0,0,0,0,0,0,0,0,0,0,0,0,0,0,0,0,0,0,0,0,0,0,0,0,0,0,0,0,0,0,0,0,0,0,0, ,0,0,0,0,0,0,0,0,0,0,0,0,0,0,0,0,0,0,0,0,0,0,0,0,0,0,0,0,0,0,0,0,6,21,21,30,107,149,122,75,46,32,26,12,9,15,12,3,1,0,1,3,0,0,0,1,4,6,2,1,0,1,0,0,0,0,0,0,0,2,0,0,0,0,0,0,0,0,0,0,0,0,0,0,0,0,4,2,1,4,2,5,9,3,3,4,4,13,10,9,3,10,13,11,10,13,6,2,1,1,0,0,0,0,0,0,0,0,0,0,0,0,1,0,0,0,0,0,0,0,0,0,0,0,0,0,0,0,0,0,0,0,0,0,0,0,0,0,0,0,0,0,0,0,0,0,0,0,0,1,0,0,9,4,1,0,0,0,0,0,1,0,1,0,0,1,0,1,0,1,0,0,1,0,0,0,0,6,7,11,16,27,40,49,50,65,32,25,26,14,10,8,2,0,1,0,1,0,0,0,0,0,0,0,0,0,0,0,0,0,0,0
Peru,0,0, ,0,0,0,0,0,0,0,0,0,0,0,0,0,0,0,0,0,0,0,0,0,0,0,0,0,0,0,0,0,0,0,0,0,0,0,0,0,0,0,0,0,0,0,0,0,0,0,0,0,0,0,0,0,0,0,0,0,0,0,0,0, ,0,0,0,0,0,0,0,0,0, , , , , , , , , , , , , , , , , , , , , , , , , , , , , , , ,31,37,39,24,16,15,20,9,7,7,4,7,4,5,3,3,0,4,6,10,12,6,29,47,55,43,42,26,23,14,13,4,8,8,5,2,8,6,4,1,0,2,1,1,0,0,0,0,0,0,0,0,0,0,0,1,0,0,0,0,0,1,7,0,0,0,0,0,0,4,0,1,0,0,0,0,0,0,0,0,0,0,0,1,0,0,0,0,1,4,0,1,0,1,9,0,4,4,3,1,2,2,2,6,0,0,0,0,0,0,0,0,0,2,1,0,0,1,0,0,0,0,0,2,0,1,2,2,1,1,2,1,1,3,1,0,1,1,0,0,0,1,2,0,2,0,3,1,0,3,1,3,0,1,0,0
Philippines,0,0,0,0,0,0,0,0,0,0,0,0,0,0,0,0,0,0,0,0,0,0,0,0,0,0,0,0,0,0,0,0,0,0,0,0,0,0,0,0,0,0,0,0,0,0,0,0,0,0,0,0,0,0,0,0,0,0,0,0,0,0,0,0,0,0,0,0,0,0,0,2,13,40,306,642,"1,198","1,378",789,662,629,295,317,120,85,42,9,12,5,2,2,0,0,3, ,2,1,4,1,1,0,0,0, , ,2,4,1,2,10,8,15,6,0,8,2,4,6,5,2,3,1,0,3,11,5,7,4,12,17,30,32,53,31,54,34,32,23,36,15,2,7,2,2,0,0,0,0,0,1,0,0,0,0,0,0, ,2,1,2,3,6,16,24,17,14,17,19,14,10,10,10,2,5,6,3,1,1,4,5,2,2,15,16,20,27,8,27,27,44,27,2,12,3,3,0,6,2,6,0,0,2,0,3,0,0,0,0,0,1,0,1,0,0,0,0,0,0,0,0,0,0,0,0,0,0,0,0,0,0,0,0,0,0,0,0,0,0,0,0,0,0,0,0,0,0,1,0,0,0,1,0,0,0,0,0,0,0,0, , 
Poland,0,0,0,0,0,0,0,0,0,0,0,0,0,0,0,0,0,0,0,0,0,0,0,0,0,0,0,0,0,0,0,0,0,0,0,0,0,0,0,0,0,0,0,0,0,0,0,0,0,0,0,0,0,0,0,0,0,0,0,0,0,0,0,0,0,0,0,0,0,0,1,1,1,1,1,2,6,2,10,8,3,35,27,34,16,4,3,3,5,0,1,0,3,0,4,4,46,46,226,306,201,174,191,78,52,59,22,7,5,7,1,1,3,0,1,0,0,0,0,0,0,0,0,0,0,1,0,0,0,0,0,0,0,0,0,0,0,0,0,1,0,0,0,0,0,0,0,0,0,0,0,0,0,0,2,0,2,12,140,203,173,218,158,78,57,42,28,23,21,3,2,1,0,0,0,0,0,0,0,0,0,0,0,0,0,0,0,0,0,0,0,0,0,0,0,0,0,0,0,0,0,0,0,0,0,0,0,0,0,0,0,0,0,0,0,0,0,0,0,0,0,0,0,0,0,0,0,0,0,0,0,0,0,0,0,0,0,0,0,0,0,0,0,0,0,0,0,0,0,0,0,0,0,0,0,0,0,1,5,14,20
Portugal,0,0,0,0,0,0,0,0,0,0,0,0,0,0,0,0,0,0,0,0,0,0,0,0,0,0,0,0,0,0,0,0,0,0,0,0,0,0,0,0,0,0,0,0,0,0,0,0,0,0,0,0,0,0,0, ,0,0,0,0,0,0,0,0,0,0, , , , , , , , , , , , , , , , , , , , , , , , , , , , , , , , ,489,370,259,135,119,83, ,47, , , , ,13,10, ,80,64,10,2,0,0,1,0,0,0,0,0,0,0,0,0,0,0,0,0,0,0,0,0,0,0,0,0,0,0,0,0,0,0,0,0,0,0,0,0,0,0,1,7,11,12,4,17,13,14,7,3,3,0,0,0,0,0,0,0,0,0,0,0,0,0,0, , ,0, , , , , , , , , , , , , ,0,0,0,0,0,0,0,0,0,0,0,0,0,0,1,0,0,0,0,0,0,0,0,0,0,0,0,0,0,0,0,0,0,0,0,0,0,0, ,0,0,0,0,0,0,0,0,0,0,0,0,0,0,0,0,0,0,0,0,0,0,0,0,0,0
Qatar, , , , , , , , , , , , , , , , , , , , , , , , , , , , , , , , , , , , , , , , , , , , , , , , , , , , , , , , , , , , , , , , , , , , , , , , , , , , , , , , , , , , , , , , , , , , , , , , , , , , , , , , , , , , , , , , , , , , , , , , , , , , , , , , , , , , , , , , , , , , , , , , , , , , , , , , , , , , , ,9,9,12,4,7,4,0,6,4,3,3,0,2,3, ,0,2,1,2,3,1,0,4,2,0, ,0,0,0,0,0,0,0,0,0,2,1,0,1,0,0,0,0,0,2,1,0,0,0,0,1,0,0,2,3,4,1,2,7,4,6,18,24,36,36,32,26,16,10,5,2,2,5,0,0,0,0,1,1,0,0,0,0,1,0,0,0,0,3,1,1,1,3,0,1,0,2,3,3,6,7,4,2,3
Republic of Korea,0,0,0,0,0,0,0,0,0,0,0,0,0,0,0,0,0,0,0,0,0,0,0,0,0, , , , , , , , , , , ,0, , , , , ,0, , , , ,0,0,0,0,0,0,0,0,0,0,0,0,0,0,0,0,0,0,0,0,0,0,0,0,0,0,0,0,0,52,88,92,256,262,258,144,8,4,9,7,10,16,19,36,37,56,183,488,566,353,363,365,482,362,257,173,180, ,158,121,80,89,67,65,30,31,17,17,22,8,9,8,20,19,8,11,8,3,4,0,0,0,1,0,0,0,0,0,0,0,0,0,1,0,0,1,0,1,0,0,0,0,1,5,10,39,66,129,274,397,311,182,124,59,33,4,6,3,0,3,0,0,0,0,1,0,1,0,0,0,0,0,0,0,0,0,0,0,0,0,0,0,0,0,0,0,0,0,0,0,0,0,0,0,0,0,0,0,0,0,0,0,0,0,0,0,0,0,0,0,0,0,0,0,0,0,0,0,0,0,0,0,0,0,1,0,0,0,0,0,0,0,0,0,0,0,0,0,0,0,0,0,0,0,0,0,0,0,1,0,0,1,5,13
Republic of Moldova , , , , , , , , , , , , , , , , , , , , , , , , , , , , , , , , , , , , , , , , , , , , , , , , , , , , , , , , , , , , , , , , , , , , , , , , , , , , , , , , , , , , , , , , ,2,0, ,1,0,0,1, ,355,560,500,420, ,180, , ,40, , , ,10,16,8,10,4,0,0,2,0,0,0,0,0,0,0,0,0,0,0,0,0,0,0,0,0,0,0,0,0,0,0,0,0,0,0,0,0,0,0,0,0,0,0,0,0,0,0,0,0,0,5,23,21,23,51,53,84,72,19,6,2,0,0,0,0,0,0,0,0,0,0,0,0,0,0,0,0,0,0,0,0,0,0,0,0,0,0,0,0,0,0,0,0,0,0,0,0,0,0,0,0,0,0,0,0,0,0,0,0,0,0,0,0,0,0,0,0,0,0,0,0,0,0,0,0,0,0,0,0,0,0,0,0,0,0,0,0,0,0,0,0,0,0,0,0,0,0,0,0,0,0,0,0
Romania,0,0,0,0,0,0,0,0,0,0,0,0,0,0,0,0, , , , , , , , , , , , , , , , , , , , , , , ,0,0,0,0,0,0,0,0,0,0,0,0,0,0,0,0,0,0,0,0,0,0,0,0,0,0,0,0,0,0,0,0,0,0,0,0,0,2,7,18, ,13,54,71,35,37,27,19,10,4,7,6,4,8,24,6,117,287,452,434,918,511,666,504,224,218,386,371,192,55,27,15,9,0,2,1,0,1,0,1,0,0,0,0,0,0,0,0,0,0,0,0,0,0,0,0,0,0,0,0,0,0,0,0,0,0,0,0,0,0,0,1,0,0,0,0,0,0,3,6,19,42,36,77,59,43,53,32,29,16,10,5,1,2,1,1,0,0,0,0,0,0,0,0,0,0,0,0,0,0,0,0,0,0,0,0,0,0,0,0,0,0,0,0,0,0,0,0,0,0,0,0,0,0,0,0,0,0,0,0,0,0,0,0,0,0,0,0,0,0,0,0,0,0,0,0,0,0,0,0,0,0,0,0,0,0,0,0,0,0,0,0,0,0,0,0,0,0,0,0,0,0
Russian Federation, ,0,0,0,0,0,0,0,0,0,0,0,0,0,0,0,0,0,0,0,0,0,0,0, , ,0,0,0,0,0,0,0,0,0, , , , ,0,0,0,0,0,0,0,0,0,0,0,0,0,0,0,0,0,0,0,0,0,0,0,0,0,0,0,0,0,0,0,0,0,0,0,0,0,1,0,0,0,8,8,25,20,23,18,42,60,16,21,28,76,119,292,465,995,"2,157","2,128","2,375","2,403","2,157","2,191","1,663",912,393,151,207,185,94,101,81,49,41,18,21,19,27,17,11,6,1,1,1,1,0,0,0,1,0,0,0,0,0,0,1,0,0,0,0,0,0,1,2,0,2,0,0,0,0,0,2,6,6,0,10,44,26,8,125,447,899,"1,369","1,897","1,856","1,263","1,400",622,687,368,189,87,45,45,17,4,5,7,1,1,1,0,0,0,0,0,0,0,0,0,0,0,0,0,0,0,2,1,0,0,2,0,10,1,0,0,2,0,0,0,0,1,0,4,2,2,5,5,6,4,13,9,16,2,6,1,0,1,2,1,1,0,0,0,0,1,0,0,0,0,0,0,0,0,3,0,0,0,0,0,1,0,1,1,0,3,2,0,2,4,2,5
Rwanda, , , , , , , , , , , , , , , , , , , , , , , , , , , , , , , , , , , , , , , , , , , , , , , , , , , , , , , , , , , , , , , , , , , , , , , , , , , , , , , , , , , , , , , , , , , , , , , , , , , , , , , , , ,11,4,2,1,3,3,9,13,44,23,26,20,9,4,1,6,0,1,0,0,1,0,0,0,0,0,0,0,0,0,0,0,0,0,0,0,0,0,0,0,0,0,0,0,0,0,0,0,0,0,0, ,0,1,0,0,1,0,0,0,0,1,0,0,0,0,0,0,0,0,0,0,0,0,0,0,0,0,0,0,1,0,0,0,0,0,0,0,0,0,0, , , , , , , , , , , , , ,0,0,0,0,0,0,0,0,0,2,4,10,5,0,1,1,2,0,0, ,1,16,5,2,4,1,0,1,0,0,0,0,0,0,0,0,0,0,0,0,0,0,0,0,0,0,0,0,0,0,0,0
Saint Lucia, , , , , , , , , , , , , , , , , , , , , , , , , , , , , , , , ,0, ,0, , , , , , , , , , , , , , , , , , , , , , , , , , , , , , , , , , , , , , , , , , , , , , , , , , , , , , , , , , , , , , , , , , , , , , , , , , , , , , , , , , , , , , , , , , , , , , , , , , , , , , , , , , , , , , , , , , , , , , , , , , , , , , , , , , , , , , , , , , , , , , , , , , , , , , , , , , , , , , , , , , , , , , , , , , , , , , , , , , , , , , , , , , , , , , , , , , , , , , , , , , , , , , , , , , , , , , , , , , , , , , , , , , 
Senegal,0,0,0,0,0,0,0,0,0,0,0,0,0,0,0,0,0,0,0,0,0,0,0,0,0,0,0,0,0,0,0,0,0,0,0,0,0,0,0,0,0,0,0,0,0,0,0,0,0,0,0,0,0,0,0,0,0,0,0,0,0,0,0,0,0,0,0,0,0,0,0,0,0,0,0,0,0,0,0,0,0,0,0,0,0,0,0,0,0,0,0,0,0,0,0,0,0,0,0,0,0,0,0,0,0,2,1,4,5,16,102,81,97,20,9,10,24,0,14,3,0,0,3,0,0,0,0,0,0,0,0,0,0,0,0,0,0,0,0,0,0,0,3,2,2,5,9,8,10,3,0,0,1,0,0,0,0,0,20,10,5,1,2,4,11,14,10,3,3,1,2,11,2,0,2,0,0,0,0,0,0,1,0,1,1,0,0,0,0,0,0,0,0,8,8,9,4,6,14,5,0,1,1,1,0,0,1,0,0,0,0,0,0,0,0,0,0,0,0,0,1,0,0,0,0,0,0,0,0,0,0,0,0,0,0,0,0,0,0,0,0,0,0,0,0,1,0,2,11,22,31,4,1,0,0,0,2,2,0,0,0
Serbia,0,0,0,0,0,0, ,0,0, , , , , , , , , , , , , , , , , , , , , , , , , , , , , , , , , , , , , , , , , , ,0,0,0,0,0,0,0, , , , , , , , , ,0,0,0,0,0,0,0,0,0,10,10,11,28,60,7,4,3,4,1,2,0,1,0,0,1,1,0,0,27,90,37,43,30,40,65,46,71,58,34,19,6,5,1,3,1,0,3,0,0,0,0,0,0,1,0,0,0,0,0,0,0,0,0,0,0,0,0,0,0,0,0,0, , , , , ,0,0,0,0,0,0,0,0,0,0,0,0,0,4,12,27,34,48,86,35,29,11,9,2,4,3,0,0,0,0,0,0,0, , , , , , , , , , , , , , , , , , ,0,0,0,0,0,0,0,0,0,0,0,0,0,0,0,0,0,0,0,0,0,0,0,0,0,0,0,0,0,0,0,0,0,0, , , , , , , , , , , , , , , , , , ,0,0,0,0,0,0,0,0,0,0,0,0,0,0
Sierra Leone, , , , , , , , , , , , , , , , , , , , , , , , , , , , , , , , , , , , , , , , , , , , , , , , , , , , , , , , , , , , , , , , , , , , , , , , , , , , , , , , , , , ,0,0,0,0,0,0,0,0,0,0,0,0,0,0,0,0,0,0,0,0,0,0, , , , , , , , , , , , , , , , , , , , , , , , , , , , , , , , , , , , , , , , , , , , , , , , , , , , , , , , , , , , , , , , , , , , , , , , , , , , , , , , , , , , , ,1,0,0,0,0,0,0,0,1,1,2,0,0,0,0,0,0,0,0,0,0,0,0,1,0,0,0,0,0,0,0,0,0,0,0,0,0,0,0,0,0,1,0,0,1,1,1,4,4,3,0,1,2,3,0,0,0,1,0,0,1,0,0,0,0,0,0,0,0,0,0
Singapore,0,0,0,0,0,0,0,0,0,0,0,0,0,0,0,0,0,0,0,0,0,0,0,0,0,0,0,0,0,0,0,0,0,0,0,0,0,0,0,0,0,0,0,0,0,0,0,0,0,0,0,0,0,0,0,0,0,0,0,0,0,0,0,0,0,0,0,0,0,1,0,0,0,2,9,3,49,132,233,403,547,602,639,650,409,371,289,243,188,0,0,0,2,0,0,0,0,0,0, , , , , , ,87,165,81,80,57,43,9,11,12,12,12,25,28,59,59,94,100,197,149,91,99,70,69,31,20,21,21,19,8,14,6,8,11,7,13,3,7,7,9,11,15,4,4,6,7,3,4,10,7,9,8,21,43,54,65,66,32,52,33,23,19,13,9,13,5,8,3,1,0,1,2,1,5,3,5,1,2,2,2,3,6,1,2,1,0,3,1,0,1,2,0,1,2,0,0,0,1,1,2,0,3,3, , ,4,3,3,2,6,5,11,3,2,3,5,3,1,1,0,1,4,0,7,5,7,6,6,5,6,5,3,6,0,8,5,4,3,2,3,0,0,0,1,3,3,5,5,3,4,8,2,5,8,12,9,11
Slovakia, , , , , , , , , , , , , , , , , , , , , , , , , , , , , , , , , , , , , , , , , , , , , , , , , , , , , , , , , , , , , , , , , , , ,0,0,0,0,0,0,2,3,0,1,7,7,10,9,11,0,10,6,8,8,7,1,2,2,4,0,0,8,23,56,98,80,124,81,67,43,22,20,7,6,3,3,0,1,0,0,0,6,0,1,5,4,0,0,0,0,0,0,0,0,0,0, ,0,0,0,0,0,0,0,0,0, ,0,0,0,0,0, ,0,0,0,0,0,0,1,0,3,1,0,0,0,2,10,31,32,61,49,58,6,11,2,1,6,6,3,3,0, ,0,0,0,0,0,0,0,0,0,0,0,1,0,2,0, ,0,0,0,0,0,0,0,0,0,0,0,0,0,0,0,0,0, ,0,0,0,15,0,0,0,0,0,0,0,0,0,0,0,0,0,0,0,0,0,0,0,0,0,0,0,0,0,0,0,0,0,0,0,0,0,0,0,0,1,0,0, ,0,0,0,0,0,0,0
Slovenia,0,0,0,0,0,0,0,0,0,0,0,0,0,0,0,0,0,0,0,0,0,0,0,0,0,0,0,0,0,0,0,0,0,0,0,0,0,0,0,0,0,0,0,0,0,0,0,0,0,0,0,0,0,0,0,0,0,0,0,0,0,0,0,0,0,0,0,0,0,0,0,0,0,0,0,0,1,3,10,8,46,39,30,41,21,9,7,18,9,6,6,7,1,3,12,19,52,168,184,165,131,81,27,21,7,6,5,5,0,2,2,0,0,0,0,0,0,0,0,0,0,0,0,0,0,0,0,0, ,0,0,0,0,0,0,0,0,0,0,0,0,0,0,0,0,0,0,0,0,0,0,0,0,0,0,3,13,26,40,47,40,66,23,15,9,8,8,6,2,2,1,0,0,1,0,0,0,0,0,0,0,0,0,0,0,0,0,0,0,0,0, ,0,0,0,0,0,0,0,0,0,0,0,0,0,0,0,0,0,0,0,0,0,0,0,0,1,0,0,0,1,0,0,0,0,0,0,0,0,0,0,0,0,0,0,0,0,0,0,0,0,0,0,0,0,0,0,0,0,0,0,0,0,0,0,0,0,2,1,1,0
South Africa,0,0,0,0,0,0,0,0,0,0,0,0,0,0,0,0,0,0,0,0,0,0,0,0,0,0,0,0,0,0,0,0,0,0,0,0,0,0,0,0,0,0,0,0,0,0,0,0, , , , ,0,0,0,0,0,0,0,0,0,0,0,0,0,0,0,0,0,0,0,0,0,0,0,0,1,7,19,69,49,69,136,187,134,185,147,80,63,37,8,6,1,3,1,0,0,0,0,4,0,0,0,0,0,0,1,0,0,0,0,0,0,0,0,0,0,0,0,0,0,0,0,0,0,0,0,0,0,1,2,3,2,6,9,18,21,28,38,21,30,23,12,17,10,3,10,1,1,3,2,7,0,2,0,3,1,5,3,2,1,2,0,0,2,0,0,1,1,2,1,4,2,8,12,24,42,66,150,205,145,108,78,46,28,19,7,12,2,8,1,1,0,0,0,0,0,0,0,0,0,0,0,0,0,0,0,0,0,0,0,0,0,0,0,1,0,0,1,0,0,0,0,0,0,0,0,0,0,1,0,0,0,0,0,1,0,0,0,0,0,1,0,0,0,0,0,0,0,0,0,0,0,0,0,0,0,0,0,0,0
Spain,0,0,0,0,0,0,0,0,0,0,0,0,0,0,0,0,0,0,0,0, , , , , , , , , , , , , , , , , , , ,0,0,0,0,0,0,0,0,0,0,0,0,0,0,0,0,0,0,0,0,0,0,0,0,0,0,0,0,0,0,0,0,0,0,0,0,0,0,0,0,0, , , , , , , , , ,109,186,265,347,323,578,"1,071","1,124","1,237","1,246",799,457,202,194,108,63,32,22,5,5,2,2,0,1,1,5,4,3,2,0,0,6,1,0,1,0,2,0,0,0,0,0,0,0,0,1,0,0,0,2,1,0,0,0,0,0,0,0,1,1,4,5,5,14,17,57,173,371,461,569,436,277,181,124,55,27,21,9,8,0,1,3,0,0,0,0,0,0,0,0,0,0,0,0,0,0,0,0,0,0,0,0, , ,0,0,0,0,0,1,0,0,0,0,0,0,0,0,0,0,0,2,1,0,0,1,2,0,0,0,0,0,0,0,0,0,0,0,0,0,0,0,0,0,0,0,0,0,0,0,0,0,0,0,0,0,0,0,0,0,0,0,0,0,0,0,0,0,0,0,2,2
Sri Lanka,0,0,0,0,0,0,0,0,0,0,0,0,0,0,0,0,0,0,0,0,0,0,0,0,0,0,0,0,0,0,0,0,0,0,0,0,0,0,0,0,0,0,0,0,0,0,0,0,0,0,0,0,0,0,0,0,0,0,0,0,0,0,0,0,0,0,0,0,0,0,0,0,0,0,0,0,4,9,9,14,7,12,8,5,6,7,7,5, , ,3,2,1,28,39,14, , , , ,77,37,43,50,36,33,5,5,4,1,0,0,1,0,0,0,0,1,0,0,0,0,0,0,0,0,0,0,0,0,0,0,0,0,0,0,0,0,0,0,0,0,2,0,0,5,10,18,11,35,30,54,49,66,91,61,59,48,24,14,6,8,3,1,3,0,1,0,0,2,1,0,1,1,2,1,3,2,2,5,4,8,1,7,5,7,3,0,2,0,0,0,1,1,0,1,0,0,0,0,0,0,0,0,0,0,0,0,0,0,0,0,0,0,0,0,0,0,0,0,0,0,0,0,0,0,1,0,2,4,2,5,6,3,7,4,9,9,9,4,4,5,4,4,3,1,4,5,1,5,0,0,3,4,6,1,2,5,3,2,2
Sudan, , , , , , , , , , , , , , , , , , , , , , , , , , , , , , , , , , , , , , , , , , , , , , , , , , , , , , , , , , , , , , , , , , , , , , , , , , , , , , , , ,2,0,1,1,0,0,0,0,0,0,0, , ,1,0,8,7,23,14,5,3,2,3, , , , , , , , , , , , , , , , , , , , , , , , , , , , , , , , , , , , , , , , , , , , , , , , , , , , , , , , , , , , , , , , , , , , , , , , , , , , , , , , , , , , , , , , , , , , , , , , , , , , , , , , , , , , , , , , , , , , , , , , , , , , , , , , , , , , , , , , , , , , , , , , , , , , , , , , , , , , , , 
Suriname, , , , , , ,0, , , , , , , , , , , , , , , , , , , , , , , , , , , , , , , , , , , , , , , , , , , , , ,0,0,0,0,0,0,0,0,0,0,0,0,0,0,0,0,0,0,0,0,0,0,0,11,0,0,0,0,0,0,0,0,2,0,0,0, , , , , , , , , , , , , , , , , , , , , , , , , , , , , , , , , , , , , , , , , , , , , , , , , , , , , , , , , , , , , , , , , , , , , , , , , , , , , , , , , , , , , , , , , , , , , , , , , , , , , , , , , , , , , , , , , , , , , , , , , , , , , , , , , , , , , , , , , , , , , , , , , , , , , , , , , , , , , , , , , , , , , , , , , , , , , 
Sweden,0,0,0,0,0,0,0,0,0,0,0,0,0,0,0,0,0,0,0,0, , , , , , , , , , , , , , , , , ,0,0,0,0,0,0,0,0,0,0,0,0,0,0,0,0,0,0,0,0,0,0,0,0,0,0,0,0,0,0,0,0,0,0,0,0,0,0, ,21,14,38,68,185,106,92,71,72,110,182,211,148,113,69,68,120,227,437,780,"1,302","2,472","2,487","1,348",436,165,70,18,12,4,7,5,2,3,5,1,0,0,1,0,1,0,0,0,0,1,0,1,0,0,0,0,0,0,0,0,0,0,0,0,0,1,0,0,0,0,0,0,0,0,0,0,0,0,0,1,5,6,13,24,67,199,186,155,142,99,92,54,40,29,27,21,12,19,5,4,3,1,2,0,1,0,0,0,0,0,0,0,0,0,0,0,0,0,0,0,0,0, , ,0,0,1,0,0,1,0,1,1,1,1,10,1,8,10,6,11,7,4,6,15,15,15,10,15,9,7,5,2,0,1,1,0,0,0,0,0,0,0,1,0,0,0,0,0,1,0,0,0,1,0,0,0,0,0,1,2,2,1,0,4,5,9,41,56
Switzerland,0,0,0,0,0,0,0,0,0,0,0,0,0,0, , ,0,0,0,0,0,0,0,0,0,0,0, , ,0,0,0,0,0,0,0,0,0, ,0,0,0,0,0,0,0,0,0,0,0,0,0,0,0,0,0,0,0,0,0,0,0,0,0,0,0,0,0,0,1,0,0,0,2,7,6,11,6,22,61,53,56,104,136,144,25,10,7,2,2,2,3,4,5,6,28,55,142,248,180,99,69,68,39,14,25,7,3,6,1,1,0,1,0,0,1,0,0,0,0,0,0,0,0,0,0,0,0,0,0,0,0,0,0,0,0,0,2,0,1,1,0,0,1,0,0,1,0,0,0,0,0,0,8,4,47,80,113,97,98,132,145,105,112,44,19,12,6,4,4,4,2,1,1,1,0,0,0,0,0,0,0,0,0,0,0,0,0,0,0,0,0,0,0,0,0,0,0,0,0,0,0,0,0,0,0,0,0,0,0,0,0,1,1,0,1,2,3,2,6,2,2,0,1,0,0,0,0,0,0,0,0,0,0,0,0,0,0,0,0,0,0,0,0,0,0,0,0,0,0,0,0,0,0,0,0,1,2,1,6,1
Syrian Arab Republic, , , , , , , , , , , , , , , , , , , , , , , , , , , , , , , , , , , , , , , , , , , , , , , , , , , , , , , , , , , , , , , , , , , , , , , , , , , , , , , , , , , , , , , , , , , , , , , , , , , , , , , , , , , , , , , , , , , , , , , , , , , , , , , , , , , , , , , , , , , , , , , , , , , , , , , , , , , , , , , , , , , , , , , , , , , , , , , , , , , , , , , , , , , , , , , , , , , , , , , , , , , ,0,0,0,0,0,0,0,0,0,0,0,0,0,0,0, , , , , , , , , , , , , , , , , ,0, , , , , , , , , , , , , , , , , , , , , , , , , 
Thailand,0,0,0,0,0,0,0,0,0,0,0,0,0,0,0,0,0,0,0,0,0,0,0,0,0,0,0,0,0,0,0,0,0,0,0,0,0,0,0,0,0,0,0,0, ,0,0,0,0,0,0,0,0,0,0,0,0,0,0,0,0,0,0,0,0,0,0,0,0,0,10,0,0,10,10,0,2,8,21,6,72,40,20,7,30,29,17,19,24,9,28,26,17,26,12,8,4,4,5,8,5,7,13,10,4,5,37,47,48,58,72,72,64,33,32,33,16,9,6,1,1,0,2,4,5,1,0,3,4,3,9,2,17,16,14,28,27,43,65,79,70,64,63,67,18,29,24,35,9,1,0,2,0,0,1,2, ,0,4,4,0,3,1,1,0,1,1,2,5,1,1,1,6,2,1,0,3,5,3,2,1,0,1,0,0,2,2,1,0,0,1,0,0,0,1,0,0,0,1,0,1,0,0,0,0,0,1,12, ,0,3,0,0,1,0,0,0,0,1,0,3,0,0,0,2,1,0,0,1,0,2,2,1,0,4,4,6,5,11,2,18,23,18, ,18,26,26,14,21,8,11,3,4,5,3,4,2,1,2,0, 
The former Yugoslav Republic of Macedonia, , , , , , , , , , , , , , , , , , , , , , , , , , , , , , , , , , , , , , , , , , , , , , , , , , , , , , , , , , , , , , , , , , , , , ,0, , , ,0,0,0,0,1,2,1,9, , , , , , , , , , , , , , , , , , , , , , , , , , , , , , , , , , , , , , , , , , , , , , , , , , , , , , , , , , , , , , , , , , , , , , , , , , , , , , , , , , , , , , , , , , , , , , , , , , , , , , , , , , , , , , , , , , , , , , , , , , , , , , , , , , , , , , , , , , , , , , , , , , , , , , , , , , , , , , , , , , , , , , , , , , , , , , , , , , , , 
Togo, , , , , , , , , , , , , , , , , , , , , , , , , , , , , , , , , , , , , , , , , , , , , , , , , , , , , , , , , , , , , , , , , , , , , , , , , , , , , , , , , , , , , , , , , , , , , , , , , , , , , , , , , , , , , , , , , , , , , , , , , ,1,4,1,1,0,0,0,0,0,0,1,0,0,0,0,0,0,0,0,0,0,0,0,0,0,1,4,3,4,0,2,0,0,0,0,0,1,0,0,0,0,0,0,2,0,1,0,0,3,0,2,0,0,0,0,0,0,0,0,0,0,0,0,2,3,0,0,0,1,0,0,0,0,0,0,1,0,0,0,0,0,0,0,0,0,0,0,1,0,0,0,0,1,0,0,0,0,0,0,0,0,0,0,0,0,0,0,0,0,0,0,0,0,1,0,0,0,0,0,0,0,0,0,0,0,0,0,1,0,2,2,1,0,2,2,2,2,4,1,0
Tunisia,0,0,0,0,0,0,0,0,0,0,0,0, , , , , , , , , , , , , , , , , , , , , , , , , , , , , , , ,0,0,0,0,0,0,0,0,0,0,0,0,0,0,0,0,0,0,0,0,0,0,0,0,0, , , , , , , , ,2,1,2,2,7, ,3,13,10,8,5,3,0, , ,20,6,1,0,38,50,158,237,174,100,169,130,189,73,66,20,17,7,4,2,0,0,0,0,0,0,0,0,0,0,0,0,0,0,0,0,0,0,0, , , , , , , , , , , , , , ,0,0,0,0,0,0,0,0,0,0,0,0,2,3, ,10,6,4,12,13,26,23,13,19,4,11,3,1,0,0,0,0, , , , , , , , , , , , , , , , , , , , ,0,0,0,0,0,0,0,0,0,0,0,0,0,0,0,0,0,0,0,0,0,0,0,0,0,0,0,0,0,0,0,0,0, , , , , , , , , , , , , , , , , , , ,0,0,0,0,0,0,0,0,0,0,0,0,0
Turkey, , , , , , , , , , , , , , , , , , , , , , , , , , , , , , , , , , , , , , , , , , ,0,0,0,0,0,0,0,0,0,0,0,0,0,0,0,0,0,0,0,0,0,0,0,0,0,0,0,0,0,0,0,0,2,1,4,1,10,5, , , , , , , , , , , ,2,3,81,526,846,841,996,"1,232",863,705,734,353,151,62,40,21,7,3,3,3,1,0,0,0,0,0,0,0, , , , , , , , , , , , , , , , , , , , , , , ,0,0,0,0,0,0,0,0,0,0,0,0,0,0,11,4,11,47,49,62,58,57,57,30,22,12,10,6,2,0,0,0,0,0,0,0,0,0,0,0,0,0,0,0,0,0,0,0,0,0,0,0,0,0,0,0,0,0,0,0,0,0,0,0,0,0,0,0,0,0,0,0,0,2,0,0,0,0,0,0,0,0,0,0,0,0,0,0,0,0,0,0,0,0,0,0,0,0,0,0,0,0,0,0, ,0,0,0,0,0,1,1,1,0,0,0,7,6,13
Uganda,0,0,0,0,0,0,0,0,0,0,0,0,0,0,0,0,0,0,0,0,0,0,0,0,0,0, , , , , , , , , , , , , , , , , , , , , , , , , , , , , , , , , , , , , , , , , , , , , , , , , , , , , , , , ,0,0,0,2,1,6,11,19,16,5,49,35,34,4,6,13,1,0,0,0,0, , ,1,0,0,0,0,0,0,1,0,0,0,0,1,1,0,0,0,0,0,0,0,0,0,0,0,0,0,0,0,0,0,0,0,0,0,0,2,1,2,3,1,0,0,3,1,2,3,2,0,2,13, ,7,4,0,0,0,0,2,0,0,0,1,2,0,0,1,2,3,2,2,3,0,1,0,0,0,2,0,2,0,1,1,3,2,5,9,7,1,3,4,5,4,1,6,12,1,2,0,13,1,2,0,0,0,0,0,0,0,0,0,0,0,0,1,0,1,0,0,0,0,0,0,0,0,0,0,0,0,0,0,0,0,0,0,0,0,0,0,0,0,0,0,0,0,0,0,0,0,1,1,0,0,0, , 
Ukraine,0,0,0,0,0,0,0,0,0,0,0,0,0,0,0,0, , , , , , , , , , , , , , , , , , , , , , , , , , , ,0, , , , , , , , , , , , , , , , , , , , , , , ,0,0,0,0,0,0,1,0,0,0,0,0,0,0,0,0,0,0,0,0,0,0,1,0,0,0,0,0,2,105,52,150,64,45,84,71,51,41,22,18,85,17,24,98,163,34,1,0,0,0,0,1,0,0,0,0,0,0,0,0,0,0,0,0,0,0,0, , , , , , , , , , ,0,0,0,0,0,0,0,0,0,0,0,0,1,0,5,3,12,9,18,41,108,165,116,277,88,75,17,20,3,3, ,0,0, ,0,0, , ,0, ,0, ,0,0,0,0, ,0,0,0,0,0,0,0,0,0,0,0,0,0,0,0,0,0,0,0,0,0,0,0,0,0,0,0,0,0,0,0,0,0,0,0,0,0,0,0,0,0,0,0,0, , , , , , , , ,0, ,0, , ,0,0,0,0,0,0,0,0,0,0,0,0,0
United Kingdom of Great Britain and Northern Ireland,0,0,0,0,0,0,0,0,0,0,0,0,0,0,0,0,0,0,0,0,0,0, , , , , , , , , , , , , , , , , ,0,0,0,0,0,0,0,0,0,0,0,0,0,0,0,0,0,0,0,0,0,0,0,0,0,0,0,0,0,0,0,0,1,58,20,29,24,57,110,143,94,66,71,37,26,16,51,26,22,53,68,70,104,163,240,286,343,276,216,190,149,87,24,65,4,3,27,18,26,10,17,14,6,4,2,6,9,0,0,2,0,3,0,0,1,1,0,0,0,0,0,0,0,0,0,0,1,0,2,0,0,0,1,0,0,0,2,0,12,14,7,8,22,45,94,272,742,653,745,599,165,95,46,11,4,8,4,1,3,0,0,1,0,0,0,0,0,0,0,0,0,1,1,0,0,0,0,1,0,0,1,0,0,0,0,0,0,1,0,1,1,0,0,0,0,0,1,0,0,0,1,0,1,0,1,0,0,0,0,1,0,0,1,0,0,0,1,0,0,0,0,1,0,0,0,0,0,0,0,0,1,0,0,0,0,0,0,0,0,4,1,2,2,1,2,3,2,5,3,9,16,13
United Republic of Tanzania, , , , , , , , , , , , , , , , , , , , , , , , , , , , , , , , , , , , , , , , , , , , , , , , , , , , , , , , , , , , , , , , , , , , , , , , , , , , , , , , , , , , , , , , ,23,26,11,30,51,91,145,83,33,13,4,15,78,11,14,32, ,0,0,3,7,4,3,0,5,8,2,10,0,0,0,8,0,0,0,0,0,0,4,0,0,0,0,0,0,0,0,0,0,0,0,0,0,0,0,0,0,0,0,0,0,0,0,0,0,0,0,0,0,0,0,4,3,3,0,5,2,2,3,0,0,0,0,0,0,0,1,0,0,2,2,0,5,0,0,0,1,0,0,2,0,0,0,0,0,0,0,0,0,0,0,1,0,0,0,0,1,1,1,0,0,0,0,0,2,1,0,0,0,0,0,1,3,6,5,0,4,0,0,0,0,0,0,0,0,0,0,0,0,0,0,0,0,0,0,0, ,0,0,0,0,0,0,0,0,1,4,5,2,6,11,6,0
United States of America,0,0,0,0,0,0,0,0,0,0,0,0,0,0,0,0,0,0,0,0,0,0,0,0,0,0,0,0,0,0,0,0,0,0,0,0,0,0,0,0,0,0,0,0,0,0,0,0,0,0,0,0,0,0,0,0,0,0,0,0,0,0,0,0,0,0,1,1,18,"1,493","2,518","1,785","2,673","2,840","3,646","3,922","4,395","3,166","2,389","2,590","2,087","1,856","1,879","1,298","1,265","1,600","1,383","1,884","2,294","2,617","2,858","3,847","6,121","8,627","9,735","7,738","6,081","4,629","2,715","1,408",997,610,480,251,285,266,261,317,268,290,238,260,316,338,359,259,178,167,96,56,17,16,20,6,7,0,3,1,1,3,1,0,1,2,1,4,7,5,10,7,9,5,0,2,7,13,8,13,12,15,23,11,34,46,83,98,190,328,546,816,"1,040","1,193","1,235","1,397","1,138",939,664,435,259,161,87,46,30,9,11,2,0,2,1,0,2,0,2,2,0,0,0,3,0,2,0,2,1,0,0,1,3,0,2,0,1,2,0,3,2,5,4,7,4,16,31,50,84,124,164,220,295,443,494,574,436,306,266,187,123,82,64,39,34,18,16,16,9,3,3,5,4,0,2,1,3,6,7,1,1,0,4,3,3,7,4,3,4,5,8,8,17,36,49,54,78
Uruguay, , , , , , , , , , ,0,0,0,0,0,0,0,0,0,0,0,0,0,0,0,0,0,0,0,0,0,0,0,0,0,0,0,0,0,0,0, , , , , , , , , , , , , , , , , ,0, ,0, ,0,0, , ,0,0, ,0,0, , ,15, , ,51,140,116,47,27,15,21,8,5,2,0,0,1,0,0,0, , , , , , , , , , , , , , , , , , , , , , , , , , , , , , , , , , , , , , , ,0,0,0,0,0,0,0,0,0,0,0,0,0,0,0,0,0,0,0,0,0,0,0,0,0,0,0,0,0,1,0,0,0,0,0,0,0,0,0,0,0,0,0,0,0,0,1,1,0,2,1,9,21,25,28,38,53,24,24,1,3,0,0, , , , , , , , , , , , , , , ,0,0,0,0,0,0,0,0,0,0,0,0,0,0,0,0,0,0,0,0,0,0,0,0,0,0,0,0,0,0,0,1,0,0,0,0,0,0,0, , , , , , , , , , , , , 
Uzbekistan, , , , , , , , , , , , , , , , , , , , , , , , , , , , , , , , , , , , , , , , , , , , , , , , , , , , , , , , , , , , , , , , , , , , , , , , , , , , , , , , , , , , , , , , , , , , , , , , , , , , , , , , , , , , , , , , , , , , , , , , , , , , , , , , , , , , , , , , , , , , , , , , , , , , , , , , , , , , , , , , , , , , , , , , , , , , , , , , , , , , , , , , , , , , , , , , , , , , , , , , , , , , , , , , , , , , , , , , , , , , , , , , , , , , , , , , , , , , , , , , , , , , , , , ,0,0,0,0,0,0,0,0,0,0,0,0,0,0
Venezuela, , , , , , , , , , , , , , , , , , , , , , , , , , , , , , , , , , , , , , , , , , , , , , , , , , , , , , , , , , , , , , , , , , , , , , , , , , , , , , , , , , , , , , , , , , , , , , , , , , , , , , , , , , , , , , , , , , , , , , , , , , , , , , , , , , , , , , , , , , , , , , , , , , , , , , , , , , , , , ,0,0,0,0,2,3,1,4,11,33,314,576,403,385,172,62,51,29,29,30,24,21,22,25,19,22,15,7,17,9,14,17,2,4,5,2,5,3,3,2,2,3,2,6,2,2,3,1,4,2,0,0, , , , , , , , , , , , , , , , , , , , , , , , , , , , , , , , , , , , , , , , , , , , , , , , , , , , 
Viet Nam,0,0,0,0, ,0,0,0,0,0,0,0,0,0,0,0,0,0,0,0,0,0,0,0,0,0,0,0,0,0,0,0,0,0,0,0,0,0,0,0,0,0,0,0,0,0,0,0,0,0,0,0,0,0,0,0,0,0,0,0,0,0,0,0,0,0,0,0,0,0,0,0,0,0,0,0,0,0,1,1,3,4,9,17,24,27,11,38,75,82,54,68,37,41,39,30,26,27,24,15,12,10,4,6, ,3,7,2,5,4,2, ,7,3,2,2,0,0,0,1,0,0,0,0,0,0,0,0,0,1,0,0,1,4,0,0,1,0,1,0,0,3,1,4,2,2,1,3,1,0,1,1,4,5,4,8,6,6,25,23,27,0,5,28,38,39,60,50,25,32,10,8,6,22,12,6,16,14,11,15,6,5,4,12,15,26,20,18,28,23,19,31,21,16,23,28,20,19,14,25,11,13,4,5,6,0,1,2,0,2,0,1,0,0,0,0,2,0,0,0,1,0,0,1,1,0,0,0,0,1,0,0,0,0,0,0,0,0,0,0,0,0,0,0,0,0,0,0,0,0,0,0,0,0,0,0,0,0,0,0,0
Zambia, , , , , , , , , , , , , , , , , , , , , , , , , , , , , , , , , , , , , , , , , , , , , , , , , , , , , , , , , , , , , , , , , , , , , , , , , , , , , , , , , , , , , , , , , , , , , , , , , , , , , , , , , , , , , , , , , ,0,0,3,4,2,1,0,0,0,0,0,0,0,0,0,0,0,0,0,0,0,0,0,0,0,0,0,0,0,0,0,0,0,0,0,0,0,0,0,0, , , , ,0,0,0,0,0,0,0,0,0,0,0,0,8,0,0,0,0,3,0,0,0,0,0,0,0,0,1,0,0,0,1,0,0,0,0,0,0,1,0,0,0,0,0,0,0,0,0,0,0,0,1,0,0,0,0,0,0,0,0,0,0,0,0,0,0,0,0,0,0,0,0,0,0,0,0,0,0,0,0,0,0,0,0,0,0,0,0,0,0,0,1,0,0,0,0,0,0,0,0,0,0,0,0,0
